Record Length,2.500000e+03,,   0.000200000000,  11.60000,
Sample Interval,4.000000e-07,,   0.000200400000,  12.00000,
Trigger Point,-5.000000000000e+02,,   0.000200800000,  11.80000,
,,,   0.000201200000,  12.00000,
,,,   0.000201600000,  12.00000,
,,,   0.000202000000,  11.80000,
Source,CH2,,   0.000202400000,  12.00000,
Vertical Units,V,,   0.000202800000,  12.20000,
Vertical Scale,5.000000e+00,,   0.000203200000,  12.00000,
Vertical Offset,0.000000e+00,,   0.000203600000,  11.60000,
Horizontal Units,s,,   0.000204000000,  11.80000,
Horizontal Scale,1.000000e-04,,   0.000204400000,  12.00000,
Pt Fmt,Y,,   0.000204800000,  12.20000,
Yzero,0.000000e+00,,   0.000205200000,  12.00000,
Probe Atten,1.000000e+00,,   0.000205600000,  11.80000,
Model Number,TBS1052B-EDU,,   0.000206000000,  12.00000,
Serial Number,C017062,,   0.000206400000,  11.80000,
Firmware Version,FV:v3.25,,   0.000206800000,  12.00000,
,,,0.000207200000,  12.00000,
,,,0.000207600000,  12.20000,
,,,0.000208000000,  11.80000,
,,,0.000208400000,  12.00000,
,,,0.000208800000,  11.80000,
,,,0.000209200000,  11.80000,
,,,0.000209600000,  11.80000,
,,,0.000210000000,  12.00000,
,,,0.000210400000,  11.80000,
,,,0.000210800000,  12.00000,
,,,0.000211200000,  12.00000,
,,,0.000211600000,  11.80000,
,,,0.000212000000,  12.00000,
,,,0.000212400000,  11.60000,
,,,0.000212800000,  11.80000,
,,,0.000213200000,  12.00000,
,,,0.000213600000,  12.00000,
,,,0.000214000000,  12.00000,
,,,0.000214400000,  11.80000,
,,,0.000214800000,  11.80000,
,,,0.000215200000,  12.00000,
,,,0.000215600000,  12.00000,
,,,0.000216000000,  11.80000,
,,,0.000216400000,  12.20000,
,,,0.000216800000,  11.80000,
,,,0.000217200000,  12.00000,
,,,0.000217600000,  12.00000,
,,,0.000218000000,  12.00000,
,,,0.000218400000,  12.00000,
,,,0.000218800000,  12.00000,
,,,0.000219200000,  11.80000,
,,,0.000219600000,  12.00000,
,,,0.000220000000,  12.00000,
,,,0.000220400000,  12.20000,
,,,0.000220800000,  12.00000,
,,,0.000221200000,  12.00000,
,,,0.000221600000,  11.80000,
,,,0.000222000000,  12.00000,
,,,0.000222400000,  12.00000,
,,,0.000222800000,  11.80000,
,,,0.000223200000,  12.00000,
,,,0.000223600000,  12.00000,
,,,0.000224000000,  11.80000,
,,,0.000224400000,  12.20000,
,,,0.000224800000,  11.80000,
,,,0.000225200000,  12.00000,
,,,0.000225600000,  12.00000,
,,,0.000226000000,  12.00000,
,,,0.000226400000,  12.00000,
,,,0.000226800000,  12.00000,
,,,0.000227200000,  12.00000,
,,,0.000227600000,  11.80000,
,,,0.000228000000,  11.80000,
,,,0.000228400000,  11.80000,
,,,0.000228800000,  11.80000,
,,,0.000229200000,  11.80000,
,,,0.000229600000,  11.80000,
,,,0.000230000000,  11.80000,
,,,0.000230400000,  11.80000,
,,,0.000230800000,  11.80000,
,,,0.000231200000,  12.00000,
,,,0.000231600000,  11.60000,
,,,0.000232000000,  11.80000,
,,,0.000232400000,  12.00000,
,,,0.000232800000,  12.00000,
,,,0.000233200000,  12.00000,
,,,0.000233600000,  12.00000,
,,,0.000234000000,  12.20000,
,,,0.000234400000,  11.80000,
,,,0.000234800000,  12.00000,
,,,0.000235200000,  11.80000,
,,,0.000235600000,  12.00000,
,,,0.000236000000,  12.00000,
,,,0.000236400000,  12.00000,
,,,0.000236800000,  11.80000,
,,,0.000237200000,  12.00000,
,,,0.000237600000,  12.00000,
,,,0.000238000000,  12.00000,
,,,0.000238400000,  12.00000,
,,,0.000238800000,  11.80000,
,,,0.000239200000,  11.80000,
,,,0.000239600000,  11.60000,
,,,0.000240000000,  12.00000,
,,,0.000240400000,  12.00000,
,,,0.000240800000,  12.00000,
,,,0.000241200000,  12.00000,
,,,0.000241600000,  12.00000,
,,,0.000242000000,  12.00000,
,,,0.000242400000,  11.80000,
,,,0.000242800000,  12.00000,
,,,0.000243200000,  11.60000,
,,,0.000243600000,  11.80000,
,,,0.000244000000,  11.80000,
,,,0.000244400000,  12.00000,
,,,0.000244800000,  12.00000,
,,,0.000245200000,  12.00000,
,,,0.000245600000,  11.80000,
,,,0.000246000000,  12.00000,
,,,0.000246400000,  12.00000,
,,,0.000246800000,  12.00000,
,,,0.000247200000,  11.80000,
,,,0.000247600000,  11.80000,
,,,0.000248000000,  11.80000,
,,,0.000248400000,  11.80000,
,,,0.000248800000,  12.00000,
,,,0.000249200000,  11.80000,
,,,0.000249600000,  11.80000,
,,,0.000250000000,  12.20000,
,,,0.000250400000,  12.00000,
,,,0.000250800000,  12.00000,
,,,0.000251200000,  11.80000,
,,,0.000251600000,  11.80000,
,,,0.000252000000,  11.80000,
,,,0.000252400000,  11.80000,
,,,0.000252800000,  12.00000,
,,,0.000253200000,  11.80000,
,,,0.000253600000,  12.00000,
,,,0.000254000000,  11.80000,
,,,0.000254400000,  11.60000,
,,,0.000254800000,  11.80000,
,,,0.000255200000,  11.80000,
,,,0.000255600000,  11.80000,
,,,0.000256000000,  12.00000,
,,,0.000256400000,  11.80000,
,,,0.000256800000,  11.80000,
,,,0.000257200000,  12.00000,
,,,0.000257600000,  11.80000,
,,,0.000258000000,  12.00000,
,,,0.000258400000,  12.00000,
,,,0.000258800000,  11.80000,
,,,0.000259200000,  12.00000,
,,,0.000259600000,  12.00000,
,,,0.000260000000,  12.00000,
,,,0.000260400000,  12.20000,
,,,0.000260800000,  12.00000,
,,,0.000261200000,  11.80000,
,,,0.000261600000,  11.80000,
,,,0.000262000000,  12.20000,
,,,0.000262400000,  12.00000,
,,,0.000262800000,  12.20000,
,,,0.000263200000,  11.80000,
,,,0.000263600000,  12.00000,
,,,0.000264000000,  12.00000,
,,,0.000264400000,  11.80000,
,,,0.000264800000,  12.00000,
,,,0.000265200000,  12.00000,
,,,0.000265600000,  11.80000,
,,,0.000266000000,  12.00000,
,,,0.000266400000,  11.80000,
,,,0.000266800000,  11.80000,
,,,0.000267200000,  12.00000,
,,,0.000267600000,  12.00000,
,,,0.000268000000,  12.00000,
,,,0.000268400000,  11.80000,
,,,0.000268800000,  12.00000,
,,,0.000269200000,  12.20000,
,,,0.000269600000,  12.00000,
,,,0.000270000000,  11.80000,
,,,0.000270400000,  11.80000,
,,,0.000270800000,  11.80000,
,,,0.000271200000,  11.80000,
,,,0.000271600000,  11.80000,
,,,0.000272000000,  12.00000,
,,,0.000272400000,  11.80000,
,,,0.000272800000,  12.00000,
,,,0.000273200000,  12.00000,
,,,0.000273600000,  12.00000,
,,,0.000274000000,  11.80000,
,,,0.000274400000,  11.80000,
,,,0.000274800000,  11.80000,
,,,0.000275200000,  12.00000,
,,,0.000275600000,  12.00000,
,,,0.000276000000,  12.20000,
,,,0.000276400000,  12.00000,
,,,0.000276800000,  11.80000,
,,,0.000277200000,  11.80000,
,,,0.000277600000,  12.00000,
,,,0.000278000000,  12.00000,
,,,0.000278400000,  12.00000,
,,,0.000278800000,  11.60000,
,,,0.000279200000,  11.60000,
,,,0.000279600000,  12.00000,
,,,0.000280000000,  12.00000,
,,,0.000280400000,  11.80000,
,,,0.000280800000,  12.20000,
,,,0.000281200000,  11.80000,
,,,0.000281600000,  11.80000,
,,,0.000282000000,  12.00000,
,,,0.000282400000,  12.00000,
,,,0.000282800000,  11.60000,
,,,0.000283200000,  12.00000,
,,,0.000283600000,  11.80000,
,,,0.000284000000,  11.80000,
,,,0.000284400000,  12.00000,
,,,0.000284800000,  11.80000,
,,,0.000285200000,  11.80000,
,,,0.000285600000,  11.80000,
,,,0.000286000000,  12.00000,
,,,0.000286400000,  11.80000,
,,,0.000286800000,  12.00000,
,,,0.000287200000,  11.80000,
,,,0.000287600000,  11.80000,
,,,0.000288000000,  11.80000,
,,,0.000288400000,  11.80000,
,,,0.000288800000,  11.60000,
,,,0.000289200000,  11.80000,
,,,0.000289600000,  12.00000,
,,,0.000290000000,  11.80000,
,,,0.000290400000,  12.00000,
,,,0.000290800000,  11.60000,
,,,0.000291200000,  11.80000,
,,,0.000291600000,  11.80000,
,,,0.000292000000,  11.80000,
,,,0.000292400000,  12.00000,
,,,0.000292800000,  11.80000,
,,,0.000293200000,  12.20000,
,,,0.000293600000,  11.60000,
,,,0.000294000000,  11.60000,
,,,0.000294400000,  11.80000,
,,,0.000294800000,  11.80000,
,,,0.000295200000,  12.00000,
,,,0.000295600000,  12.20000,
,,,0.000296000000,  12.00000,
,,,0.000296400000,  11.80000,
,,,0.000296800000,  11.80000,
,,,0.000297200000,  12.00000,
,,,0.000297600000,  12.00000,
,,,0.000298000000,  11.80000,
,,,0.000298400000,  11.80000,
,,,0.000298800000,  11.80000,
,,,0.000299200000,  12.00000,
,,,0.000299600000,  12.00000,
,,,0.000300000000,  11.80000,
,,,0.000300400000,  12.00000,
,,,0.000300800000,  11.80000,
,,,0.000301200000,  11.80000,
,,,0.000301600000,  11.80000,
,,,0.000302000000,  11.80000,
,,,0.000302400000,  12.00000,
,,,0.000302800000,  12.00000,
,,,0.000303200000,  12.00000,
,,,0.000303600000,  12.00000,
,,,0.000304000000,  11.80000,
,,,0.000304400000,  12.00000,
,,,0.000304800000,  12.00000,
,,,0.000305200000,  12.00000,
,,,0.000305600000,  12.20000,
,,,0.000306000000,  11.80000,
,,,0.000306400000,  11.80000,
,,,0.000306800000,  12.00000,
,,,0.000307200000,  11.80000,
,,,0.000307600000,  11.80000,
,,,0.000308000000,  11.80000,
,,,0.000308400000,  11.80000,
,,,0.000308800000,  12.00000,
,,,0.000309200000,  11.80000,
,,,0.000309600000,  11.80000,
,,,0.000310000000,  11.80000,
,,,0.000310400000,  11.80000,
,,,0.000310800000,  12.00000,
,,,0.000311200000,  12.00000,
,,,0.000311600000,  11.80000,
,,,0.000312000000,  12.20000,
,,,0.000312400000,  12.00000,
,,,0.000312800000,  12.00000,
,,,0.000313200000,  12.20000,
,,,0.000313600000,  12.00000,
,,,0.000314000000,  11.80000,
,,,0.000314400000,  11.80000,
,,,0.000314800000,  12.00000,
,,,0.000315200000,  12.00000,
,,,0.000315600000,  12.00000,
,,,0.000316000000,  12.00000,
,,,0.000316400000,  12.00000,
,,,0.000316800000,  11.80000,
,,,0.000317200000,  12.20000,
,,,0.000317600000,  12.00000,
,,,0.000318000000,  11.80000,
,,,0.000318400000,  11.80000,
,,,0.000318800000,  11.60000,
,,,0.000319200000,  12.00000,
,,,0.000319600000,  12.00000,
,,,0.000320000000,  12.00000,
,,,0.000320400000,  12.00000,
,,,0.000320800000,  11.80000,
,,,0.000321200000,  11.80000,
,,,0.000321600000,  11.80000,
,,,0.000322000000,  11.80000,
,,,0.000322400000,  11.60000,
,,,0.000322800000,  11.80000,
,,,0.000323200000,  11.80000,
,,,0.000323600000,  12.00000,
,,,0.000324000000,  12.00000,
,,,0.000324400000,  11.80000,
,,,0.000324800000,  11.60000,
,,,0.000325200000,  11.80000,
,,,0.000325600000,  11.80000,
,,,0.000326000000,  12.00000,
,,,0.000326400000,  11.80000,
,,,0.000326800000,  11.80000,
,,,0.000327200000,  11.80000,
,,,0.000327600000,  11.80000,
,,,0.000328000000,  11.80000,
,,,0.000328400000,  11.80000,
,,,0.000328800000,  12.00000,
,,,0.000329200000,  12.00000,
,,,0.000329600000,  11.80000,
,,,0.000330000000,  12.00000,
,,,0.000330400000,  11.80000,
,,,0.000330800000,  11.80000,
,,,0.000331200000,  11.80000,
,,,0.000331600000,  11.80000,
,,,0.000332000000,  12.00000,
,,,0.000332400000,  11.80000,
,,,0.000332800000,  12.00000,
,,,0.000333200000,  11.80000,
,,,0.000333600000,  11.80000,
,,,0.000334000000,  11.80000,
,,,0.000334400000,  11.80000,
,,,0.000334800000,  11.80000,
,,,0.000335200000,  12.00000,
,,,0.000335600000,  12.00000,
,,,0.000336000000,  11.60000,
,,,0.000336400000,  11.80000,
,,,0.000336800000,  12.00000,
,,,0.000337200000,  11.80000,
,,,0.000337600000,  11.60000,
,,,0.000338000000,  11.80000,
,,,0.000338400000,  11.80000,
,,,0.000338800000,  12.00000,
,,,0.000339200000,  12.00000,
,,,0.000339600000,  11.80000,
,,,0.000340000000,  11.80000,
,,,0.000340400000,  11.80000,
,,,0.000340800000,  11.80000,
,,,0.000341200000,  12.00000,
,,,0.000341600000,  11.80000,
,,,0.000342000000,  12.00000,
,,,0.000342400000,  12.00000,
,,,0.000342800000,  12.20000,
,,,0.000343200000,  12.00000,
,,,0.000343600000,  12.00000,
,,,0.000344000000,  12.00000,
,,,0.000344400000,  12.00000,
,,,0.000344800000,  11.80000,
,,,0.000345200000,  12.00000,
,,,0.000345600000,  11.80000,
,,,0.000346000000,  11.80000,
,,,0.000346400000,  11.80000,
,,,0.000346800000,  12.00000,
,,,0.000347200000,  11.80000,
,,,0.000347600000,  11.80000,
,,,0.000348000000,  11.80000,
,,,0.000348400000,  12.20000,
,,,0.000348800000,  12.00000,
,,,0.000349200000,  11.80000,
,,,0.000349600000,  11.80000,
,,,0.000350000000,  11.80000,
,,,0.000350400000,  11.80000,
,,,0.000350800000,  11.60000,
,,,0.000351200000,  12.00000,
,,,0.000351600000,  11.80000,
,,,0.000352000000,  11.80000,
,,,0.000352400000,  12.00000,
,,,0.000352800000,  12.00000,
,,,0.000353200000,  11.80000,
,,,0.000353600000,  11.80000,
,,,0.000354000000,  11.80000,
,,,0.000354400000,  11.80000,
,,,0.000354800000,  11.80000,
,,,0.000355200000,  12.20000,
,,,0.000355600000,  11.80000,
,,,0.000356000000,  11.80000,
,,,0.000356400000,  11.80000,
,,,0.000356800000,  11.80000,
,,,0.000357200000,  12.00000,
,,,0.000357600000,  11.80000,
,,,0.000358000000,  11.80000,
,,,0.000358400000,  11.80000,
,,,0.000358800000,  12.00000,
,,,0.000359200000,  11.80000,
,,,0.000359600000,  12.00000,
,,,0.000360000000,  12.00000,
,,,0.000360400000,  12.00000,
,,,0.000360800000,  11.60000,
,,,0.000361200000,  11.80000,
,,,0.000361600000,  12.00000,
,,,0.000362000000,  11.80000,
,,,0.000362400000,  11.80000,
,,,0.000362800000,  11.80000,
,,,0.000363200000,  11.80000,
,,,0.000363600000,  12.00000,
,,,0.000364000000,  11.60000,
,,,0.000364400000,  11.80000,
,,,0.000364800000,  12.00000,
,,,0.000365200000,  11.80000,
,,,0.000365600000,  11.80000,
,,,0.000366000000,  11.80000,
,,,0.000366400000,  12.00000,
,,,0.000366800000,  12.00000,
,,,0.000367200000,  11.80000,
,,,0.000367600000,  11.80000,
,,,0.000368000000,  11.80000,
,,,0.000368400000,  12.00000,
,,,0.000368800000,  12.00000,
,,,0.000369200000,  11.80000,
,,,0.000369600000,  12.00000,
,,,0.000370000000,  11.60000,
,,,0.000370400000,  12.00000,
,,,0.000370800000,  11.80000,
,,,0.000371200000,  11.80000,
,,,0.000371600000,  11.80000,
,,,0.000372000000,  11.80000,
,,,0.000372400000,  11.80000,
,,,0.000372800000,  11.80000,
,,,0.000373200000,  11.80000,
,,,0.000373600000,  12.00000,
,,,0.000374000000,  11.80000,
,,,0.000374400000,  11.80000,
,,,0.000374800000,  11.80000,
,,,0.000375200000,  11.80000,
,,,0.000375600000,  11.80000,
,,,0.000376000000,  11.80000,
,,,0.000376400000,  12.00000,
,,,0.000376800000,  11.80000,
,,,0.000377200000,  11.80000,
,,,0.000377600000,  11.60000,
,,,0.000378000000,  11.60000,
,,,0.000378400000,  12.00000,
,,,0.000378800000,  11.80000,
,,,0.000379200000,  11.80000,
,,,0.000379600000,  11.80000,
,,,0.000380000000,  11.80000,
,,,0.000380400000,  11.80000,
,,,0.000380800000,  11.80000,
,,,0.000381200000,  11.60000,
,,,0.000381600000,  11.80000,
,,,0.000382000000,  12.00000,
,,,0.000382400000,  11.80000,
,,,0.000382800000,  11.80000,
,,,0.000383200000,  11.80000,
,,,0.000383600000,  11.80000,
,,,0.000384000000,  11.80000,
,,,0.000384400000,  11.80000,
,,,0.000384800000,  11.80000,
,,,0.000385200000,  11.80000,
,,,0.000385600000,  12.00000,
,,,0.000386000000,  12.00000,
,,,0.000386400000,  12.00000,
,,,0.000386800000,  12.00000,
,,,0.000387200000,  11.80000,
,,,0.000387600000,  11.60000,
,,,0.000388000000,  12.00000,
,,,0.000388400000,  11.80000,
,,,0.000388800000,  11.80000,
,,,0.000389200000,  12.00000,
,,,0.000389600000,  11.80000,
,,,0.000390000000,  11.80000,
,,,0.000390400000,  11.80000,
,,,0.000390800000,  12.00000,
,,,0.000391200000,  11.80000,
,,,0.000391600000,  11.80000,
,,,0.000392000000,  12.00000,
,,,0.000392400000,  11.80000,
,,,0.000392800000,  11.80000,
,,,0.000393200000,  11.80000,
,,,0.000393600000,  11.80000,
,,,0.000394000000,  12.00000,
,,,0.000394400000,  11.60000,
,,,0.000394800000,  12.00000,
,,,0.000395200000,  11.80000,
,,,0.000395600000,  11.60000,
,,,0.000396000000,  11.80000,
,,,0.000396400000,  12.00000,
,,,0.000396800000,  11.80000,
,,,0.000397200000,  11.60000,
,,,0.000397600000,  11.80000,
,,,0.000398000000,  11.40000,
,,,0.000398400000,  11.80000,
,,,0.000398800000,  12.00000,
,,,0.000399200000,  11.80000,
,,,0.000399600000,  12.00000,
,,,0.000400000000,  11.80000,
,,,0.000400400000,  11.80000,
,,,0.000400800000,  11.80000,
,,,0.000401200000,  12.00000,
,,,0.000401600000,  11.60000,
,,,0.000402000000,  11.80000,
,,,0.000402400000,  11.60000,
,,,0.000402800000,  11.80000,
,,,0.000403200000,  12.20000,
,,,0.000403600000,  11.80000,
,,,0.000404000000,  11.80000,
,,,0.000404400000,  11.80000,
,,,0.000404800000,  11.80000,
,,,0.000405200000,  11.80000,
,,,0.000405600000,  11.80000,
,,,0.000406000000,  11.80000,
,,,0.000406400000,  11.80000,
,,,0.000406800000,  11.80000,
,,,0.000407200000,  11.80000,
,,,0.000407600000,  11.80000,
,,,0.000408000000,  11.80000,
,,,0.000408400000,  11.80000,
,,,0.000408800000,  12.00000,
,,,0.000409200000,  12.00000,
,,,0.000409600000,  11.60000,
,,,0.000410000000,  11.80000,
,,,0.000410400000,  11.80000,
,,,0.000410800000,  12.00000,
,,,0.000411200000,  11.80000,
,,,0.000411600000,  11.80000,
,,,0.000412000000,  11.80000,
,,,0.000412400000,  11.80000,
,,,0.000412800000,  11.60000,
,,,0.000413200000,  12.00000,
,,,0.000413600000,  11.60000,
,,,0.000414000000,  11.80000,
,,,0.000414400000,  12.00000,
,,,0.000414800000,  11.80000,
,,,0.000415200000,  11.80000,
,,,0.000415600000,  11.80000,
,,,0.000416000000,  12.00000,
,,,0.000416400000,  11.80000,
,,,0.000416800000,  11.80000,
,,,0.000417200000,  11.80000,
,,,0.000417600000,  11.80000,
,,,0.000418000000,  12.00000,
,,,0.000418400000,  11.80000,
,,,0.000418800000,  11.80000,
,,,0.000419200000,  11.60000,
,,,0.000419600000,  11.80000,
,,,0.000420000000,  11.80000,
,,,0.000420400000,  12.00000,
,,,0.000420800000,  11.80000,
,,,0.000421200000,  12.00000,
,,,0.000421600000,  12.00000,
,,,0.000422000000,  12.00000,
,,,0.000422400000,  12.00000,
,,,0.000422800000,  12.00000,
,,,0.000423200000,  12.00000,
,,,0.000423600000,  12.00000,
,,,0.000424000000,  12.00000,
,,,0.000424400000,  11.80000,
,,,0.000424800000,  11.80000,
,,,0.000425200000,  11.80000,
,,,0.000425600000,  11.80000,
,,,0.000426000000,  12.00000,
,,,0.000426400000,  11.80000,
,,,0.000426800000,  11.80000,
,,,0.000427200000,  11.80000,
,,,0.000427600000,  12.00000,
,,,0.000428000000,  11.80000,
,,,0.000428400000,  12.00000,
,,,0.000428800000,  11.60000,
,,,0.000429200000,  11.80000,
,,,0.000429600000,  11.60000,
,,,0.000430000000,  11.80000,
,,,0.000430400000,  11.80000,
,,,0.000430800000,  11.80000,
,,,0.000431200000,  12.00000,
,,,0.000431600000,  12.00000,
,,,0.000432000000,  11.80000,
,,,0.000432400000,  11.80000,
,,,0.000432800000,  12.00000,
,,,0.000433200000,  12.00000,
,,,0.000433600000,  12.00000,
,,,0.000434000000,  11.80000,
,,,0.000434400000,  11.80000,
,,,0.000434800000,  11.80000,
,,,0.000435200000,  11.60000,
,,,0.000435600000,  11.80000,
,,,0.000436000000,  11.80000,
,,,0.000436400000,  11.80000,
,,,0.000436800000,  11.80000,
,,,0.000437200000,  11.80000,
,,,0.000437600000,  11.60000,
,,,0.000438000000,  11.80000,
,,,0.000438400000,  12.00000,
,,,0.000438800000,  12.00000,
,,,0.000439200000,  12.00000,
,,,0.000439600000,  12.00000,
,,,0.000440000000,  11.60000,
,,,0.000440400000,  11.80000,
,,,0.000440800000,  11.80000,
,,,0.000441200000,  11.80000,
,,,0.000441600000,  12.00000,
,,,0.000442000000,  11.80000,
,,,0.000442400000,  11.80000,
,,,0.000442800000,  12.00000,
,,,0.000443200000,  11.60000,
,,,0.000443600000,  11.60000,
,,,0.000444000000,  11.80000,
,,,0.000444400000,  11.80000,
,,,0.000444800000,  11.80000,
,,,0.000445200000,  12.00000,
,,,0.000445600000,  11.80000,
,,,0.000446000000,  11.80000,
,,,0.000446400000,  11.80000,
,,,0.000446800000,  11.80000,
,,,0.000447200000,  11.60000,
,,,0.000447600000,  11.80000,
,,,0.000448000000,  11.80000,
,,,0.000448400000,  12.00000,
,,,0.000448800000,  11.80000,
,,,0.000449200000,  11.80000,
,,,0.000449600000,  11.60000,
,,,0.000450000000,  11.60000,
,,,0.000450400000,  11.60000,
,,,0.000450800000,  11.80000,
,,,0.000451200000,  11.60000,
,,,0.000451600000,  11.80000,
,,,0.000452000000,  11.80000,
,,,0.000452400000,  11.60000,
,,,0.000452800000,  11.80000,
,,,0.000453200000,  11.60000,
,,,0.000453600000,  11.80000,
,,,0.000454000000,  11.80000,
,,,0.000454400000,  11.80000,
,,,0.000454800000,  11.60000,
,,,0.000455200000,  12.00000,
,,,0.000455600000,  11.60000,
,,,0.000456000000,  11.80000,
,,,0.000456400000,  11.80000,
,,,0.000456800000,  11.80000,
,,,0.000457200000,  11.80000,
,,,0.000457600000,  11.80000,
,,,0.000458000000,  11.60000,
,,,0.000458400000,  11.80000,
,,,0.000458800000,  11.80000,
,,,0.000459200000,  11.60000,
,,,0.000459600000,  11.80000,
,,,0.000460000000,  11.60000,
,,,0.000460400000,  11.80000,
,,,0.000460800000,  12.00000,
,,,0.000461200000,  12.00000,
,,,0.000461600000,  11.80000,
,,,0.000462000000,  12.00000,
,,,0.000462400000,  11.80000,
,,,0.000462800000,  11.80000,
,,,0.000463200000,  11.80000,
,,,0.000463600000,  11.80000,
,,,0.000464000000,  11.80000,
,,,0.000464400000,  11.80000,
,,,0.000464800000,  11.60000,
,,,0.000465200000,  12.00000,
,,,0.000465600000,  12.00000,
,,,0.000466000000,  12.00000,
,,,0.000466400000,  11.60000,
,,,0.000466800000,  11.80000,
,,,0.000467200000,  11.80000,
,,,0.000467600000,  11.80000,
,,,0.000468000000,  12.00000,
,,,0.000468400000,  11.80000,
,,,0.000468800000,  11.60000,
,,,0.000469200000,  11.80000,
,,,0.000469600000,  11.80000,
,,,0.000470000000,  11.80000,
,,,0.000470400000,  12.00000,
,,,0.000470800000,  12.00000,
,,,0.000471200000,  12.00000,
,,,0.000471600000,  11.60000,
,,,0.000472000000,  11.60000,
,,,0.000472400000,  11.80000,
,,,0.000472800000,  11.80000,
,,,0.000473200000,  11.80000,
,,,0.000473600000,  12.00000,
,,,0.000474000000,  11.80000,
,,,0.000474400000,  11.80000,
,,,0.000474800000,  11.80000,
,,,0.000475200000,  11.80000,
,,,0.000475600000,  12.00000,
,,,0.000476000000,  11.80000,
,,,0.000476400000,  11.80000,
,,,0.000476800000,  12.00000,
,,,0.000477200000,  11.60000,
,,,0.000477600000,  12.00000,
,,,0.000478000000,  12.00000,
,,,0.000478400000,  11.80000,
,,,0.000478800000,  11.80000,
,,,0.000479200000,  11.60000,
,,,0.000479600000,  11.60000,
,,,0.000480000000,  12.00000,
,,,0.000480400000,  12.00000,
,,,0.000480800000,  11.60000,
,,,0.000481200000,  11.80000,
,,,0.000481600000,  11.80000,
,,,0.000482000000,  11.60000,
,,,0.000482400000,  12.00000,
,,,0.000482800000,  11.60000,
,,,0.000483200000,  11.80000,
,,,0.000483600000,  11.80000,
,,,0.000484000000,  11.80000,
,,,0.000484400000,  11.80000,
,,,0.000484800000,  11.80000,
,,,0.000485200000,  11.80000,
,,,0.000485600000,  11.80000,
,,,0.000486000000,  11.80000,
,,,0.000486400000,  11.80000,
,,,0.000486800000,  11.80000,
,,,0.000487200000,  11.80000,
,,,0.000487600000,  12.00000,
,,,0.000488000000,  11.80000,
,,,0.000488400000,  11.80000,
,,,0.000488800000,  11.60000,
,,,0.000489200000,  11.80000,
,,,0.000489600000,  11.60000,
,,,0.000490000000,  11.80000,
,,,0.000490400000,  11.60000,
,,,0.000490800000,  11.80000,
,,,0.000491200000,  12.00000,
,,,0.000491600000,  11.60000,
,,,0.000492000000,  11.60000,
,,,0.000492400000,  11.60000,
,,,0.000492800000,  11.80000,
,,,0.000493200000,  11.60000,
,,,0.000493600000,  11.80000,
,,,0.000494000000,  11.60000,
,,,0.000494400000,  11.60000,
,,,0.000494800000,  11.80000,
,,,0.000495200000,  12.00000,
,,,0.000495600000,  12.00000,
,,,0.000496000000,  11.80000,
,,,0.000496400000,  11.60000,
,,,0.000496800000,  11.80000,
,,,0.000497200000,  12.00000,
,,,0.000497600000,  11.80000,
,,,0.000498000000,  11.80000,
,,,0.000498400000,  11.80000,
,,,0.000498800000,  11.60000,
,,,0.000499200000,  11.60000,
,,,0.000499600000,  12.00000,
,,,0.000500000000,  11.80000,
,,,0.000500400000,  11.80000,
,,,0.000500800000,  12.00000,
,,,0.000501200000,  11.80000,
,,,0.000501600000,  11.80000,
,,,0.000502000000,  11.80000,
,,,0.000502400000,  12.00000,
,,,0.000502800000,  11.80000,
,,,0.000503200000,  11.80000,
,,,0.000503600000,  12.00000,
,,,0.000504000000,  11.80000,
,,,0.000504400000,  11.60000,
,,,0.000504800000,  11.80000,
,,,0.000505200000,  11.80000,
,,,0.000505600000,  12.00000,
,,,0.000506000000,  11.60000,
,,,0.000506400000,  11.80000,
,,,0.000506800000,  12.00000,
,,,0.000507200000,  11.80000,
,,,0.000507600000,  11.80000,
,,,0.000508000000,  11.60000,
,,,0.000508400000,  11.80000,
,,,0.000508800000,  11.60000,
,,,0.000509200000,  11.60000,
,,,0.000509600000,  11.60000,
,,,0.000510000000,  11.80000,
,,,0.000510400000,  11.80000,
,,,0.000510800000,  11.80000,
,,,0.000511200000,  11.80000,
,,,0.000511600000,  11.80000,
,,,0.000512000000,  11.60000,
,,,0.000512400000,  11.60000,
,,,0.000512800000,  11.80000,
,,,0.000513200000,  11.80000,
,,,0.000513600000,  12.00000,
,,,0.000514000000,  11.60000,
,,,0.000514400000,  11.60000,
,,,0.000514800000,  11.80000,
,,,0.000515200000,  12.00000,
,,,0.000515600000,  11.80000,
,,,0.000516000000,  11.80000,
,,,0.000516400000,  11.60000,
,,,0.000516800000,  11.60000,
,,,0.000517200000,  12.00000,
,,,0.000517600000,  11.80000,
,,,0.000518000000,  11.60000,
,,,0.000518400000,  12.00000,
,,,0.000518800000,  12.00000,
,,,0.000519200000,  11.80000,
,,,0.000519600000,  11.80000,
,,,0.000520000000,  11.80000,
,,,0.000520400000,  11.40000,
,,,0.000520800000,  11.60000,
,,,0.000521200000,  11.80000,
,,,0.000521600000,  12.00000,
,,,0.000522000000,  11.80000,
,,,0.000522400000,  11.60000,
,,,0.000522800000,  11.80000,
,,,0.000523200000,  11.80000,
,,,0.000523600000,  11.80000,
,,,0.000524000000,  11.80000,
,,,0.000524400000,  11.80000,
,,,0.000524800000,  11.60000,
,,,0.000525200000,  11.80000,
,,,0.000525600000,  11.80000,
,,,0.000526000000,  11.80000,
,,,0.000526400000,  11.80000,
,,,0.000526800000,  11.80000,
,,,0.000527200000,  11.80000,
,,,0.000527600000,  11.60000,
,,,0.000528000000,  11.80000,
,,,0.000528400000,  11.60000,
,,,0.000528800000,  11.80000,
,,,0.000529200000,  11.80000,
,,,0.000529600000,  11.60000,
,,,0.000530000000,  12.00000,
,,,0.000530400000,  11.80000,
,,,0.000530800000,  11.80000,
,,,0.000531200000,  11.60000,
,,,0.000531600000,  11.60000,
,,,0.000532000000,  12.00000,
,,,0.000532400000,  11.60000,
,,,0.000532800000,  11.80000,
,,,0.000533200000,  11.80000,
,,,0.000533600000,  11.80000,
,,,0.000534000000,  11.60000,
,,,0.000534400000,  11.80000,
,,,0.000534800000,  11.80000,
,,,0.000535200000,  11.80000,
,,,0.000535600000,  11.60000,
,,,0.000536000000,  11.80000,
,,,0.000536400000,  11.80000,
,,,0.000536800000,  12.00000,
,,,0.000537200000,  11.80000,
,,,0.000537600000,  11.60000,
,,,0.000538000000,  11.60000,
,,,0.000538400000,  11.80000,
,,,0.000538800000,  11.60000,
,,,0.000539200000,  11.80000,
,,,0.000539600000,  11.80000,
,,,0.000540000000,  11.80000,
,,,0.000540400000,  11.80000,
,,,0.000540800000,  11.60000,
,,,0.000541200000,  12.00000,
,,,0.000541600000,  11.80000,
,,,0.000542000000,  11.80000,
,,,0.000542400000,  11.80000,
,,,0.000542800000,  11.80000,
,,,0.000543200000,  11.60000,
,,,0.000543600000,  11.80000,
,,,0.000544000000,  11.60000,
,,,0.000544400000,  11.80000,
,,,0.000544800000,  12.00000,
,,,0.000545200000,  11.80000,
,,,0.000545600000,  11.80000,
,,,0.000546000000,  11.60000,
,,,0.000546400000,  12.00000,
,,,0.000546800000,  11.80000,
,,,0.000547200000,  11.80000,
,,,0.000547600000,  11.60000,
,,,0.000548000000,  11.60000,
,,,0.000548400000,  11.80000,
,,,0.000548800000,  11.80000,
,,,0.000549200000,  11.80000,
,,,0.000549600000,  12.00000,
,,,0.000550000000,  12.00000,
,,,0.000550400000,  12.00000,
,,,0.000550800000,  12.00000,
,,,0.000551200000,  11.60000,
,,,0.000551600000,  11.60000,
,,,0.000552000000,  12.00000,
,,,0.000552400000,  12.00000,
,,,0.000552800000,  11.60000,
,,,0.000553200000,  11.80000,
,,,0.000553600000,  11.60000,
,,,0.000554000000,  11.80000,
,,,0.000554400000,  11.60000,
,,,0.000554800000,  12.20000,
,,,0.000555200000,  11.80000,
,,,0.000555600000,  11.60000,
,,,0.000556000000,  11.80000,
,,,0.000556400000,  11.40000,
,,,0.000556800000,  11.80000,
,,,0.000557200000,  11.80000,
,,,0.000557600000,  12.00000,
,,,0.000558000000,  12.00000,
,,,0.000558400000,  11.60000,
,,,0.000558800000,  11.80000,
,,,0.000559200000,  11.80000,
,,,0.000559600000,  12.00000,
,,,0.000560000000,  11.80000,
,,,0.000560400000,  11.80000,
,,,0.000560800000,  11.80000,
,,,0.000561200000,  11.60000,
,,,0.000561600000,  12.00000,
,,,0.000562000000,  11.60000,
,,,0.000562400000,  11.80000,
,,,0.000562800000,  11.80000,
,,,0.000563200000,  11.80000,
,,,0.000563600000,  11.80000,
,,,0.000564000000,  11.60000,
,,,0.000564400000,  11.80000,
,,,0.000564800000,  11.60000,
,,,0.000565200000,  11.80000,
,,,0.000565600000,  11.60000,
,,,0.000566000000,  11.60000,
,,,0.000566400000,  11.80000,
,,,0.000566800000,  12.00000,
,,,0.000567200000,  11.80000,
,,,0.000567600000,  12.00000,
,,,0.000568000000,  11.80000,
,,,0.000568400000,  11.80000,
,,,0.000568800000,  11.60000,
,,,0.000569200000,  11.60000,
,,,0.000569600000,  11.60000,
,,,0.000570000000,  11.80000,
,,,0.000570400000,  11.80000,
,,,0.000570800000,  11.80000,
,,,0.000571200000,  11.60000,
,,,0.000571600000,  11.80000,
,,,0.000572000000,  11.60000,
,,,0.000572400000,  11.60000,
,,,0.000572800000,  11.80000,
,,,0.000573200000,  11.60000,
,,,0.000573600000,  11.60000,
,,,0.000574000000,  11.60000,
,,,0.000574400000,  11.80000,
,,,0.000574800000,  12.00000,
,,,0.000575200000,  11.60000,
,,,0.000575600000,  11.60000,
,,,0.000576000000,  11.80000,
,,,0.000576400000,  11.60000,
,,,0.000576800000,  11.80000,
,,,0.000577200000,  11.60000,
,,,0.000577600000,  11.80000,
,,,0.000578000000,  11.60000,
,,,0.000578400000,  11.80000,
,,,0.000578800000,  11.80000,
,,,0.000579200000,  11.80000,
,,,0.000579600000,  12.00000,
,,,0.000580000000,  11.80000,
,,,0.000580400000,  11.80000,
,,,0.000580800000,  11.60000,
,,,0.000581200000,  11.60000,
,,,0.000581600000,  12.00000,
,,,0.000582000000,  11.80000,
,,,0.000582400000,  11.80000,
,,,0.000582800000,  11.80000,
,,,0.000583200000,  11.80000,
,,,0.000583600000,  11.80000,
,,,0.000584000000,  11.60000,
,,,0.000584400000,  12.00000,
,,,0.000584800000,  11.80000,
,,,0.000585200000,  11.80000,
,,,0.000585600000,  11.80000,
,,,0.000586000000,  11.80000,
,,,0.000586400000,  11.60000,
,,,0.000586800000,  11.60000,
,,,0.000587200000,  12.00000,
,,,0.000587600000,  11.60000,
,,,0.000588000000,  11.60000,
,,,0.000588400000,  11.80000,
,,,0.000588800000,  11.80000,
,,,0.000589200000,  11.80000,
,,,0.000589600000,  11.80000,
,,,0.000590000000,  12.00000,
,,,0.000590400000,  11.80000,
,,,0.000590800000,  11.60000,
,,,0.000591200000,  11.80000,
,,,0.000591600000,  11.80000,
,,,0.000592000000,  11.80000,
,,,0.000592400000,  11.80000,
,,,0.000592800000,  12.00000,
,,,0.000593200000,  11.60000,
,,,0.000593600000,  11.80000,
,,,0.000594000000,  11.80000,
,,,0.000594400000,  11.80000,
,,,0.000594800000,  11.80000,
,,,0.000595200000,  11.60000,
,,,0.000595600000,  11.60000,
,,,0.000596000000,  11.60000,
,,,0.000596400000,  11.80000,
,,,0.000596800000,  11.80000,
,,,0.000597200000,  11.80000,
,,,0.000597600000,  11.60000,
,,,0.000598000000,  11.80000,
,,,0.000598400000,  11.80000,
,,,0.000598800000,  11.80000,
,,,0.000599200000,  11.60000,
,,,0.000599600000,  11.60000,
,,,0.000600000000,  11.80000,
,,,0.000600400000,  11.80000,
,,,0.000600800000,  11.60000,
,,,0.000601200000,  12.00000,
,,,0.000601600000,  11.60000,
,,,0.000602000000,  11.60000,
,,,0.000602400000,  11.60000,
,,,0.000602800000,  11.80000,
,,,0.000603200000,  11.60000,
,,,0.000603600000,  11.40000,
,,,0.000604000000,  11.60000,
,,,0.000604400000,  11.80000,
,,,0.000604800000,  11.60000,
,,,0.000605200000,  11.80000,
,,,0.000605600000,  11.60000,
,,,0.000606000000,  11.60000,
,,,0.000606400000,  12.00000,
,,,0.000606800000,  11.80000,
,,,0.000607200000,  11.80000,
,,,0.000607600000,  11.60000,
,,,0.000608000000,  12.00000,
,,,0.000608400000,  11.60000,
,,,0.000608800000,  11.60000,
,,,0.000609200000,  11.80000,
,,,0.000609600000,  11.60000,
,,,0.000610000000,  12.00000,
,,,0.000610400000,  11.80000,
,,,0.000610800000,  11.40000,
,,,0.000611200000,  11.80000,
,,,0.000611600000,  11.60000,
,,,0.000612000000,  11.60000,
,,,0.000612400000,  11.80000,
,,,0.000612800000,  11.80000,
,,,0.000613200000,  11.80000,
,,,0.000613600000,  11.60000,
,,,0.000614000000,  11.60000,
,,,0.000614400000,  11.80000,
,,,0.000614800000,  11.60000,
,,,0.000615200000,  11.80000,
,,,0.000615600000,  11.60000,
,,,0.000616000000,  11.80000,
,,,0.000616400000,  11.60000,
,,,0.000616800000,  11.80000,
,,,0.000617200000,  11.80000,
,,,0.000617600000,  11.80000,
,,,0.000618000000,  11.80000,
,,,0.000618400000,  11.80000,
,,,0.000618800000,  11.80000,
,,,0.000619200000,  11.80000,
,,,0.000619600000,  11.80000,
,,,0.000620000000,  11.80000,
,,,0.000620400000,  11.80000,
,,,0.000620800000,  11.60000,
,,,0.000621200000,  11.80000,
,,,0.000621600000,  11.80000,
,,,0.000622000000,  11.80000,
,,,0.000622400000,  12.00000,
,,,0.000622800000,  11.80000,
,,,0.000623200000,  11.60000,
,,,0.000623600000,  12.00000,
,,,0.000624000000,  11.80000,
,,,0.000624400000,  11.80000,
,,,0.000624800000,  11.60000,
,,,0.000625200000,  11.40000,
,,,0.000625600000,  11.80000,
,,,0.000626000000,  11.60000,
,,,0.000626400000,  11.80000,
,,,0.000626800000,  11.60000,
,,,0.000627200000,  11.80000,
,,,0.000627600000,  11.40000,
,,,0.000628000000,  11.60000,
,,,0.000628400000,  11.80000,
,,,0.000628800000,  11.80000,
,,,0.000629200000,  11.60000,
,,,0.000629600000,  11.60000,
,,,0.000630000000,  11.60000,
,,,0.000630400000,  11.80000,
,,,0.000630800000,  11.60000,
,,,0.000631200000,  11.60000,
,,,0.000631600000,  11.80000,
,,,0.000632000000,  12.00000,
,,,0.000632400000,  11.80000,
,,,0.000632800000,  11.60000,
,,,0.000633200000,  11.60000,
,,,0.000633600000,  11.80000,
,,,0.000634000000,  11.80000,
,,,0.000634400000,  11.80000,
,,,0.000634800000,  11.60000,
,,,0.000635200000,  11.80000,
,,,0.000635600000,  11.60000,
,,,0.000636000000,  11.60000,
,,,0.000636400000,  11.80000,
,,,0.000636800000,  11.60000,
,,,0.000637200000,  11.60000,
,,,0.000637600000,  11.80000,
,,,0.000638000000,  11.60000,
,,,0.000638400000,  11.80000,
,,,0.000638800000,  11.80000,
,,,0.000639200000,  11.60000,
,,,0.000639600000,  11.60000,
,,,0.000640000000,  11.80000,
,,,0.000640400000,  11.80000,
,,,0.000640800000,  12.00000,
,,,0.000641200000,  11.60000,
,,,0.000641600000,  11.40000,
,,,0.000642000000,  11.80000,
,,,0.000642400000,  11.60000,
,,,0.000642800000,  11.80000,
,,,0.000643200000,  11.80000,
,,,0.000643600000,  11.60000,
,,,0.000644000000,  11.60000,
,,,0.000644400000,  11.80000,
,,,0.000644800000,  11.80000,
,,,0.000645200000,  11.60000,
,,,0.000645600000,  11.80000,
,,,0.000646000000,  11.60000,
,,,0.000646400000,  11.60000,
,,,0.000646800000,  12.00000,
,,,0.000647200000,  11.60000,
,,,0.000647600000,  11.80000,
,,,0.000648000000,  11.60000,
,,,0.000648400000,  11.80000,
,,,0.000648800000,  11.60000,
,,,0.000649200000,  11.60000,
,,,0.000649600000,  11.60000,
,,,0.000650000000,  11.80000,
,,,0.000650400000,  11.60000,
,,,0.000650800000,  11.80000,
,,,0.000651200000,  11.60000,
,,,0.000651600000,  11.80000,
,,,0.000652000000,  11.80000,
,,,0.000652400000,  11.80000,
,,,0.000652800000,  11.60000,
,,,0.000653200000,  11.60000,
,,,0.000653600000,  11.80000,
,,,0.000654000000,  11.80000,
,,,0.000654400000,  11.60000,
,,,0.000654800000,  11.60000,
,,,0.000655200000,  11.60000,
,,,0.000655600000,  12.00000,
,,,0.000656000000,  11.80000,
,,,0.000656400000,  11.80000,
,,,0.000656800000,  11.80000,
,,,0.000657200000,  11.60000,
,,,0.000657600000,  11.60000,
,,,0.000658000000,  11.60000,
,,,0.000658400000,  11.60000,
,,,0.000658800000,  11.80000,
,,,0.000659200000,  12.00000,
,,,0.000659600000,  11.80000,
,,,0.000660000000,  12.00000,
,,,0.000660400000,  11.60000,
,,,0.000660800000,  11.80000,
,,,0.000661200000,  11.80000,
,,,0.000661600000,  11.80000,
,,,0.000662000000,  12.00000,
,,,0.000662400000,  11.60000,
,,,0.000662800000,  11.80000,
,,,0.000663200000,  11.80000,
,,,0.000663600000,  11.80000,
,,,0.000664000000,  11.60000,
,,,0.000664400000,  11.80000,
,,,0.000664800000,  11.60000,
,,,0.000665200000,  11.80000,
,,,0.000665600000,  11.80000,
,,,0.000666000000,  11.40000,
,,,0.000666400000,  11.60000,
,,,0.000666800000,  11.80000,
,,,0.000667200000,  11.60000,
,,,0.000667600000,  11.40000,
,,,0.000668000000,  11.80000,
,,,0.000668400000,  11.60000,
,,,0.000668800000,  11.80000,
,,,0.000669200000,  11.80000,
,,,0.000669600000,  11.80000,
,,,0.000670000000,  11.80000,
,,,0.000670400000,  11.40000,
,,,0.000670800000,  11.80000,
,,,0.000671200000,  11.80000,
,,,0.000671600000,  11.80000,
,,,0.000672000000,  11.80000,
,,,0.000672400000,  11.60000,
,,,0.000672800000,  11.60000,
,,,0.000673200000,  11.60000,
,,,0.000673600000,  11.80000,
,,,0.000674000000,  11.60000,
,,,0.000674400000,  11.80000,
,,,0.000674800000,  11.60000,
,,,0.000675200000,  11.60000,
,,,0.000675600000,  11.80000,
,,,0.000676000000,  11.60000,
,,,0.000676400000,  11.80000,
,,,0.000676800000,  11.80000,
,,,0.000677200000,  11.80000,
,,,0.000677600000,  11.60000,
,,,0.000678000000,  11.60000,
,,,0.000678400000,  11.80000,
,,,0.000678800000,  11.40000,
,,,0.000679200000,  11.60000,
,,,0.000679600000,  11.60000,
,,,0.000680000000,  11.80000,
,,,0.000680400000,  11.80000,
,,,0.000680800000,  11.60000,
,,,0.000681200000,  11.60000,
,,,0.000681600000,  11.80000,
,,,0.000682000000,  11.60000,
,,,0.000682400000,  12.00000,
,,,0.000682800000,  11.60000,
,,,0.000683200000,  11.60000,
,,,0.000683600000,  11.60000,
,,,0.000684000000,  11.80000,
,,,0.000684400000,  11.60000,
,,,0.000684800000,  11.60000,
,,,0.000685200000,  11.60000,
,,,0.000685600000,  11.80000,
,,,0.000686000000,  11.60000,
,,,0.000686400000,  11.80000,
,,,0.000686800000,  11.60000,
,,,0.000687200000,  11.80000,
,,,0.000687600000,  11.60000,
,,,0.000688000000,  11.60000,
,,,0.000688400000,  11.60000,
,,,0.000688800000,  11.60000,
,,,0.000689200000,  11.80000,
,,,0.000689600000,  11.60000,
,,,0.000690000000,  11.40000,
,,,0.000690400000,  11.80000,
,,,0.000690800000,  11.80000,
,,,0.000691200000,  11.60000,
,,,0.000691600000,  11.80000,
,,,0.000692000000,  11.80000,
,,,0.000692400000,  11.60000,
,,,0.000692800000,  11.60000,
,,,0.000693200000,  11.60000,
,,,0.000693600000,  11.80000,
,,,0.000694000000,  11.80000,
,,,0.000694400000,  11.60000,
,,,0.000694800000,  11.60000,
,,,0.000695200000,  11.80000,
,,,0.000695600000,  11.60000,
,,,0.000696000000,  11.40000,
,,,0.000696400000,  11.80000,
,,,0.000696800000,  11.40000,
,,,0.000697200000,  11.80000,
,,,0.000697600000,  11.80000,
,,,0.000698000000,  11.80000,
,,,0.000698400000,  11.80000,
,,,0.000698800000,  11.80000,
,,,0.000699200000,  11.60000,
,,,0.000699600000,  11.60000,
,,,0.000700000000,  11.60000,
,,,0.000700400000,  11.80000,
,,,0.000700800000,  11.60000,
,,,0.000701200000,  11.80000,
,,,0.000701600000,  11.80000,
,,,0.000702000000,  11.60000,
,,,0.000702400000,  11.60000,
,,,0.000702800000,  11.60000,
,,,0.000703200000,  11.60000,
,,,0.000703600000,  11.80000,
,,,0.000704000000,  11.80000,
,,,0.000704400000,  11.60000,
,,,0.000704800000,  11.80000,
,,,0.000705200000,  11.60000,
,,,0.000705600000,  11.60000,
,,,0.000706000000,  11.60000,
,,,0.000706400000,  11.60000,
,,,0.000706800000,  11.60000,
,,,0.000707200000,  11.60000,
,,,0.000707600000,  11.80000,
,,,0.000708000000,  11.80000,
,,,0.000708400000,  11.80000,
,,,0.000708800000,  11.80000,
,,,0.000709200000,  11.60000,
,,,0.000709600000,  11.60000,
,,,0.000710000000,  11.60000,
,,,0.000710400000,  11.80000,
,,,0.000710800000,  12.00000,
,,,0.000711200000,  11.80000,
,,,0.000711600000,  11.80000,
,,,0.000712000000,  11.60000,
,,,0.000712400000,  11.60000,
,,,0.000712800000,  11.80000,
,,,0.000713200000,  11.80000,
,,,0.000713600000,  11.80000,
,,,0.000714000000,  11.60000,
,,,0.000714400000,  11.60000,
,,,0.000714800000,  11.40000,
,,,0.000715200000,  11.60000,
,,,0.000715600000,  11.80000,
,,,0.000716000000,  11.80000,
,,,0.000716400000,  11.60000,
,,,0.000716800000,  11.60000,
,,,0.000717200000,  11.60000,
,,,0.000717600000,  11.80000,
,,,0.000718000000,  11.60000,
,,,0.000718400000,  11.60000,
,,,0.000718800000,  11.80000,
,,,0.000719200000,  11.80000,
,,,0.000719600000,  11.60000,
,,,0.000720000000,  11.80000,
,,,0.000720400000,  11.60000,
,,,0.000720800000,  11.60000,
,,,0.000721200000,  11.80000,
,,,0.000721600000,  11.60000,
,,,0.000722000000,  11.60000,
,,,0.000722400000,  11.80000,
,,,0.000722800000,  11.60000,
,,,0.000723200000,  11.60000,
,,,0.000723600000,  11.60000,
,,,0.000724000000,  11.40000,
,,,0.000724400000,  11.60000,
,,,0.000724800000,  11.60000,
,,,0.000725200000,  11.80000,
,,,0.000725600000,  11.80000,
,,,0.000726000000,  11.80000,
,,,0.000726400000,  11.60000,
,,,0.000726800000,  11.60000,
,,,0.000727200000,  11.60000,
,,,0.000727600000,  11.60000,
,,,0.000728000000,  11.80000,
,,,0.000728400000,  11.80000,
,,,0.000728800000,  11.80000,
,,,0.000729200000,  11.80000,
,,,0.000729600000,  11.40000,
,,,0.000730000000,  11.60000,
,,,0.000730400000,  11.60000,
,,,0.000730800000,  11.40000,
,,,0.000731200000,  11.80000,
,,,0.000731600000,  11.60000,
,,,0.000732000000,  11.60000,
,,,0.000732400000,  11.60000,
,,,0.000732800000,  11.60000,
,,,0.000733200000,  11.80000,
,,,0.000733600000,  11.80000,
,,,0.000734000000,  11.60000,
,,,0.000734400000,  11.60000,
,,,0.000734800000,  11.60000,
,,,0.000735200000,  11.80000,
,,,0.000735600000,  11.40000,
,,,0.000736000000,  11.60000,
,,,0.000736400000,  11.40000,
,,,0.000736800000,  11.80000,
,,,0.000737200000,  11.80000,
,,,0.000737600000,  11.60000,
,,,0.000738000000,  11.80000,
,,,0.000738400000,  11.60000,
,,,0.000738800000,  11.60000,
,,,0.000739200000,  11.80000,
,,,0.000739600000,  11.60000,
,,,0.000740000000,  11.80000,
,,,0.000740400000,  11.80000,
,,,0.000740800000,  11.80000,
,,,0.000741200000,  11.80000,
,,,0.000741600000,  11.60000,
,,,0.000742000000,  11.60000,
,,,0.000742400000,  11.60000,
,,,0.000742800000,  12.00000,
,,,0.000743200000,  11.80000,
,,,0.000743600000,  11.60000,
,,,0.000744000000,  11.80000,
,,,0.000744400000,  11.80000,
,,,0.000744800000,  11.60000,
,,,0.000745200000,  11.60000,
,,,0.000745600000,  11.80000,
,,,0.000746000000,  11.60000,
,,,0.000746400000,  11.60000,
,,,0.000746800000,  11.80000,
,,,0.000747200000,  11.60000,
,,,0.000747600000,  11.60000,
,,,0.000748000000,  11.60000,
,,,0.000748400000,  11.80000,
,,,0.000748800000,  11.80000,
,,,0.000749200000,  11.40000,
,,,0.000749600000,  11.60000,
,,,0.000750000000,  11.60000,
,,,0.000750400000,  11.80000,
,,,0.000750800000,  11.80000,
,,,0.000751200000,  11.80000,
,,,0.000751600000,  11.60000,
,,,0.000752000000,  11.40000,
,,,0.000752400000,  11.80000,
,,,0.000752800000,  11.80000,
,,,0.000753200000,  11.80000,
,,,0.000753600000,  11.40000,
,,,0.000754000000,  11.60000,
,,,0.000754400000,  11.40000,
,,,0.000754800000,  11.80000,
,,,0.000755200000,  11.80000,
,,,0.000755600000,  11.60000,
,,,0.000756000000,  11.60000,
,,,0.000756400000,  11.60000,
,,,0.000756800000,  11.40000,
,,,0.000757200000,  11.60000,
,,,0.000757600000,  11.80000,
,,,0.000758000000,  11.40000,
,,,0.000758400000,  11.80000,
,,,0.000758800000,  11.60000,
,,,0.000759200000,  11.60000,
,,,0.000759600000,  12.00000,
,,,0.000760000000,  11.40000,
,,,0.000760400000,  11.40000,
,,,0.000760800000,  11.60000,
,,,0.000761200000,  11.80000,
,,,0.000761600000,  11.80000,
,,,0.000762000000,  11.40000,
,,,0.000762400000,  11.60000,
,,,0.000762800000,  11.60000,
,,,0.000763200000,  11.80000,
,,,0.000763600000,  11.80000,
,,,0.000764000000,  11.60000,
,,,0.000764400000,  11.60000,
,,,0.000764800000,  11.80000,
,,,0.000765200000,  11.60000,
,,,0.000765600000,  11.80000,
,,,0.000766000000,  11.60000,
,,,0.000766400000,  11.60000,
,,,0.000766800000,  11.60000,
,,,0.000767200000,  11.40000,
,,,0.000767600000,  11.60000,
,,,0.000768000000,  11.80000,
,,,0.000768400000,  11.80000,
,,,0.000768800000,  11.60000,
,,,0.000769200000,  11.40000,
,,,0.000769600000,  11.60000,
,,,0.000770000000,  11.40000,
,,,0.000770400000,  11.60000,
,,,0.000770800000,  11.60000,
,,,0.000771200000,  11.60000,
,,,0.000771600000,  11.60000,
,,,0.000772000000,  11.60000,
,,,0.000772400000,  11.60000,
,,,0.000772800000,  11.80000,
,,,0.000773200000,  11.60000,
,,,0.000773600000,  11.80000,
,,,0.000774000000,  11.40000,
,,,0.000774400000,  11.60000,
,,,0.000774800000,  11.80000,
,,,0.000775200000,  11.60000,
,,,0.000775600000,  11.60000,
,,,0.000776000000,  11.60000,
,,,0.000776400000,  11.60000,
,,,0.000776800000,  11.60000,
,,,0.000777200000,  11.60000,
,,,0.000777600000,  11.80000,
,,,0.000778000000,  11.80000,
,,,0.000778400000,  11.80000,
,,,0.000778800000,  12.00000,
,,,0.000779200000,  11.60000,
,,,0.000779600000,  11.80000,
,,,0.000780000000,  11.60000,
,,,0.000780400000,  11.80000,
,,,0.000780800000,  11.80000,
,,,0.000781200000,  11.60000,
,,,0.000781600000,  11.60000,
,,,0.000782000000,  11.80000,
,,,0.000782400000,  11.80000,
,,,0.000782800000,  11.60000,
,,,0.000783200000,  11.60000,
,,,0.000783600000,  11.60000,
,,,0.000784000000,  11.60000,
,,,0.000784400000,  11.60000,
,,,0.000784800000,  11.60000,
,,,0.000785200000,  11.60000,
,,,0.000785600000,  11.60000,
,,,0.000786000000,  11.40000,
,,,0.000786400000,  11.60000,
,,,0.000786800000,  11.60000,
,,,0.000787200000,  11.60000,
,,,0.000787600000,  11.80000,
,,,0.000788000000,  11.80000,
,,,0.000788400000,  11.60000,
,,,0.000788800000,  11.60000,
,,,0.000789200000,  11.60000,
,,,0.000789600000,  11.80000,
,,,0.000790000000,  11.60000,
,,,0.000790400000,  11.60000,
,,,0.000790800000,  11.80000,
,,,0.000791200000,  11.60000,
,,,0.000791600000,  11.40000,
,,,0.000792000000,  11.40000,
,,,0.000792400000,  11.60000,
,,,0.000792800000,  11.40000,
,,,0.000793200000,  11.60000,
,,,0.000793600000,  11.80000,
,,,0.000794000000,  11.60000,
,,,0.000794400000,  11.80000,
,,,0.000794800000,  11.60000,
,,,0.000795200000,  11.80000,
,,,0.000795600000,  11.60000,
,,,0.000796000000,  11.40000,
,,,0.000796400000,  11.60000,
,,,0.000796800000,  11.80000,
,,,0.000797200000,  11.60000,
,,,0.000797600000,  11.40000,
,,,0.000798000000,  11.80000,
,,,0.000798400000,  11.80000,
,,,0.000798800000,  11.60000,
,,,0.000799200000,  11.60000,
,,,0.000799600000,  11.40000,
,,,0.000800000000,  11.60000,
,,,0.000800400000,  11.60000,
,,,0.000800800000,  11.60000,
,,,0.000801200000,  11.80000,
,,,0.000801600000,  11.60000,
,,,0.000802000000,  11.80000,
,,,0.000802400000,  11.60000,
,,,0.000802800000,  11.60000,
,,,0.000803200000,  11.60000,
,,,0.000803600000,  11.60000,
,,,0.000804000000,  11.40000,
,,,0.000804400000,  11.60000,
,,,0.000804800000,  11.80000,
,,,0.000805200000,  11.80000,
,,,0.000805600000,  11.60000,
,,,0.000806000000,  11.60000,
,,,0.000806400000,  11.40000,
,,,0.000806800000,  11.60000,
,,,0.000807200000,  11.60000,
,,,0.000807600000,  11.80000,
,,,0.000808000000,  11.60000,
,,,0.000808400000,  11.60000,
,,,0.000808800000,  11.20000,
,,,0.000809200000,  11.60000,
,,,0.000809600000,  11.40000,
,,,0.000810000000,  11.40000,
,,,0.000810400000,  11.80000,
,,,0.000810800000,  11.60000,
,,,0.000811200000,  11.60000,
,,,0.000811600000,  11.40000,
,,,0.000812000000,  11.60000,
,,,0.000812400000,  11.80000,
,,,0.000812800000,  11.40000,
,,,0.000813200000,  11.80000,
,,,0.000813600000,  11.40000,
,,,0.000814000000,  11.80000,
,,,0.000814400000,  11.80000,
,,,0.000814800000,  11.60000,
,,,0.000815200000,  11.60000,
,,,0.000815600000,  11.40000,
,,,0.000816000000,  11.60000,
,,,0.000816400000,  11.60000,
,,,0.000816800000,  11.60000,
,,,0.000817200000,  11.60000,
,,,0.000817600000,  11.40000,
,,,0.000818000000,  11.40000,
,,,0.000818400000,  11.80000,
,,,0.000818800000,  11.60000,
,,,0.000819200000,  11.80000,
,,,0.000819600000,  11.60000,
,,,0.000820000000,  11.60000,
,,,0.000820400000,  11.60000,
,,,0.000820800000,  11.40000,
,,,0.000821200000,  11.60000,
,,,0.000821600000,  11.60000,
,,,0.000822000000,  11.60000,
,,,0.000822400000,  11.80000,
,,,0.000822800000,  11.80000,
,,,0.000823200000,  11.60000,
,,,0.000823600000,  11.60000,
,,,0.000824000000,  11.60000,
,,,0.000824400000,  11.60000,
,,,0.000824800000,  11.60000,
,,,0.000825200000,  11.60000,
,,,0.000825600000,  11.60000,
,,,0.000826000000,  11.80000,
,,,0.000826400000,  11.60000,
,,,0.000826800000,  11.80000,
,,,0.000827200000,  11.80000,
,,,0.000827600000,  11.80000,
,,,0.000828000000,  11.60000,
,,,0.000828400000,  11.60000,
,,,0.000828800000,  11.80000,
,,,0.000829200000,  11.60000,
,,,0.000829600000,  11.80000,
,,,0.000830000000,  11.80000,
,,,0.000830400000,  11.80000,
,,,0.000830800000,  11.60000,
,,,0.000831200000,  11.40000,
,,,0.000831600000,  11.40000,
,,,0.000832000000,  11.60000,
,,,0.000832400000,  11.80000,
,,,0.000832800000,  11.60000,
,,,0.000833200000,  11.60000,
,,,0.000833600000,  11.40000,
,,,0.000834000000,  11.60000,
,,,0.000834400000,  11.80000,
,,,0.000834800000,  11.80000,
,,,0.000835200000,  11.60000,
,,,0.000835600000,  11.60000,
,,,0.000836000000,  11.60000,
,,,0.000836400000,  11.60000,
,,,0.000836800000,  11.60000,
,,,0.000837200000,  11.40000,
,,,0.000837600000,  11.60000,
,,,0.000838000000,  11.60000,
,,,0.000838400000,  11.60000,
,,,0.000838800000,  11.80000,
,,,0.000839200000,  11.60000,
,,,0.000839600000,  11.60000,
,,,0.000840000000,  11.60000,
,,,0.000840400000,  11.60000,
,,,0.000840800000,  11.60000,
,,,0.000841200000,  11.60000,
,,,0.000841600000,  11.80000,
,,,0.000842000000,  11.60000,
,,,0.000842400000,  11.40000,
,,,0.000842800000,  11.60000,
,,,0.000843200000,  11.40000,
,,,0.000843600000,  11.60000,
,,,0.000844000000,  11.60000,
,,,0.000844400000,  11.60000,
,,,0.000844800000,  11.60000,
,,,0.000845200000,  11.40000,
,,,0.000845600000,  11.60000,
,,,0.000846000000,  11.40000,
,,,0.000846400000,  11.60000,
,,,0.000846800000,  11.40000,
,,,0.000847200000,  11.60000,
,,,0.000847600000,  11.60000,
,,,0.000848000000,  11.60000,
,,,0.000848400000,  11.40000,
,,,0.000848800000,  11.40000,
,,,0.000849200000,  11.80000,
,,,0.000849600000,  11.60000,
,,,0.000850000000,  11.80000,
,,,0.000850400000,  11.80000,
,,,0.000850800000,  11.60000,
,,,0.000851200000,  11.60000,
,,,0.000851600000,  11.60000,
,,,0.000852000000,  11.60000,
,,,0.000852400000,  11.60000,
,,,0.000852800000,  11.60000,
,,,0.000853200000,  11.40000,
,,,0.000853600000,  11.60000,
,,,0.000854000000,  11.80000,
,,,0.000854400000,  11.60000,
,,,0.000854800000,  11.60000,
,,,0.000855200000,  11.60000,
,,,0.000855600000,  11.40000,
,,,0.000856000000,  11.60000,
,,,0.000856400000,  11.60000,
,,,0.000856800000,  11.60000,
,,,0.000857200000,  11.60000,
,,,0.000857600000,  11.40000,
,,,0.000858000000,  11.60000,
,,,0.000858400000,  11.60000,
,,,0.000858800000,  11.80000,
,,,0.000859200000,  11.80000,
,,,0.000859600000,  11.60000,
,,,0.000860000000,  11.60000,
,,,0.000860400000,  11.60000,
,,,0.000860800000,  11.60000,
,,,0.000861200000,  11.80000,
,,,0.000861600000,  11.60000,
,,,0.000862000000,  11.60000,
,,,0.000862400000,  11.60000,
,,,0.000862800000,  11.60000,
,,,0.000863200000,  11.60000,
,,,0.000863600000,  11.60000,
,,,0.000864000000,  11.40000,
,,,0.000864400000,  11.60000,
,,,0.000864800000,  11.60000,
,,,0.000865200000,  11.60000,
,,,0.000865600000,  11.60000,
,,,0.000866000000,  11.60000,
,,,0.000866400000,  11.80000,
,,,0.000866800000,  11.60000,
,,,0.000867200000,  11.80000,
,,,0.000867600000,  11.60000,
,,,0.000868000000,  11.60000,
,,,0.000868400000,  11.60000,
,,,0.000868800000,  11.60000,
,,,0.000869200000,  11.60000,
,,,0.000869600000,  11.60000,
,,,0.000870000000,  11.60000,
,,,0.000870400000,  11.60000,
,,,0.000870800000,  11.60000,
,,,0.000871200000,  11.40000,
,,,0.000871600000,  11.60000,
,,,0.000872000000,  11.60000,
,,,0.000872400000,  11.60000,
,,,0.000872800000,  11.40000,
,,,0.000873200000,  11.40000,
,,,0.000873600000,  11.80000,
,,,0.000874000000,  11.80000,
,,,0.000874400000,  11.80000,
,,,0.000874800000,  11.60000,
,,,0.000875200000,  11.60000,
,,,0.000875600000,  11.60000,
,,,0.000876000000,  11.60000,
,,,0.000876400000,  11.80000,
,,,0.000876800000,  11.40000,
,,,0.000877200000,  11.60000,
,,,0.000877600000,  11.60000,
,,,0.000878000000,  11.60000,
,,,0.000878400000,  11.60000,
,,,0.000878800000,  11.40000,
,,,0.000879200000,  11.40000,
,,,0.000879600000,  11.60000,
,,,0.000880000000,  11.60000,
,,,0.000880400000,  11.60000,
,,,0.000880800000,  11.40000,
,,,0.000881200000,  11.40000,
,,,0.000881600000,  11.60000,
,,,0.000882000000,  11.60000,
,,,0.000882400000,  11.40000,
,,,0.000882800000,  11.40000,
,,,0.000883200000,  11.60000,
,,,0.000883600000,  11.60000,
,,,0.000884000000,  11.60000,
,,,0.000884400000,  11.60000,
,,,0.000884800000,  11.60000,
,,,0.000885200000,  11.60000,
,,,0.000885600000,  11.60000,
,,,0.000886000000,  11.40000,
,,,0.000886400000,  11.60000,
,,,0.000886800000,  11.40000,
,,,0.000887200000,  11.40000,
,,,0.000887600000,  11.60000,
,,,0.000888000000,  11.40000,
,,,0.000888400000,  11.60000,
,,,0.000888800000,  11.40000,
,,,0.000889200000,  11.60000,
,,,0.000889600000,  11.80000,
,,,0.000890000000,  11.60000,
,,,0.000890400000,  11.60000,
,,,0.000890800000,  11.60000,
,,,0.000891200000,  11.60000,
,,,0.000891600000,  11.60000,
,,,0.000892000000,  11.60000,
,,,0.000892400000,  11.40000,
,,,0.000892800000,  11.60000,
,,,0.000893200000,  11.60000,
,,,0.000893600000,  11.40000,
,,,0.000894000000,  11.40000,
,,,0.000894400000,  11.60000,
,,,0.000894800000,  11.40000,
,,,0.000895200000,  11.60000,
,,,0.000895600000,  11.60000,
,,,0.000896000000,  11.60000,
,,,0.000896400000,  11.80000,
,,,0.000896800000,  11.80000,
,,,0.000897200000,  11.40000,
,,,0.000897600000,  11.60000,
,,,0.000898000000,  11.60000,
,,,0.000898400000,  11.60000,
,,,0.000898800000,  11.60000,
,,,0.000899200000,  11.60000,
,,,0.000899600000,  11.80000,
,,,0.000900000000,  11.60000,
,,,0.000900400000,  11.40000,
,,,0.000900800000,  11.40000,
,,,0.000901200000,  11.60000,
,,,0.000901600000,  11.60000,
,,,0.000902000000,  11.40000,
,,,0.000902400000,  11.60000,
,,,0.000902800000,  11.80000,
,,,0.000903200000,  11.60000,
,,,0.000903600000,  11.60000,
,,,0.000904000000,  11.60000,
,,,0.000904400000,  11.60000,
,,,0.000904800000,  11.40000,
,,,0.000905200000,  11.40000,
,,,0.000905600000,  11.60000,
,,,0.000906000000,  11.60000,
,,,0.000906400000,  11.60000,
,,,0.000906800000,  11.80000,
,,,0.000907200000,  11.60000,
,,,0.000907600000,  11.60000,
,,,0.000908000000,  11.60000,
,,,0.000908400000,  11.60000,
,,,0.000908800000,  11.80000,
,,,0.000909200000,  11.60000,
,,,0.000909600000,  11.60000,
,,,0.000910000000,  11.60000,
,,,0.000910400000,  11.60000,
,,,0.000910800000,  11.60000,
,,,0.000911200000,  11.80000,
,,,0.000911600000,  11.60000,
,,,0.000912000000,  11.60000,
,,,0.000912400000,  11.40000,
,,,0.000912800000,  11.20000,
,,,0.000913200000,  11.60000,
,,,0.000913600000,  11.60000,
,,,0.000914000000,  11.80000,
,,,0.000914400000,  11.60000,
,,,0.000914800000,  11.80000,
,,,0.000915200000,  11.40000,
,,,0.000915600000,  11.60000,
,,,0.000916000000,  11.60000,
,,,0.000916400000,  11.40000,
,,,0.000916800000,  11.40000,
,,,0.000917200000,  11.60000,
,,,0.000917600000,  11.60000,
,,,0.000918000000,  11.60000,
,,,0.000918400000,  11.40000,
,,,0.000918800000,  11.20000,
,,,0.000919200000,  11.40000,
,,,0.000919600000,  11.80000,
,,,0.000920000000,  11.60000,
,,,0.000920400000,  11.60000,
,,,0.000920800000,  11.40000,
,,,0.000921200000,  11.60000,
,,,0.000921600000,  11.40000,
,,,0.000922000000,  11.40000,
,,,0.000922400000,  11.40000,
,,,0.000922800000,  11.60000,
,,,0.000923200000,  11.60000,
,,,0.000923600000,  11.80000,
,,,0.000924000000,  11.60000,
,,,0.000924400000,  11.40000,
,,,0.000924800000,  11.60000,
,,,0.000925200000,  11.40000,
,,,0.000925600000,  11.40000,
,,,0.000926000000,  11.60000,
,,,0.000926400000,  11.40000,
,,,0.000926800000,  11.60000,
,,,0.000927200000,  11.60000,
,,,0.000927600000,  11.40000,
,,,0.000928000000,  11.60000,
,,,0.000928400000,  11.40000,
,,,0.000928800000,  11.40000,
,,,0.000929200000,  11.60000,
,,,0.000929600000,  11.40000,
,,,0.000930000000,  11.40000,
,,,0.000930400000,  11.40000,
,,,0.000930800000,  11.60000,
,,,0.000931200000,  11.60000,
,,,0.000931600000,  11.60000,
,,,0.000932000000,  11.40000,
,,,0.000932400000,  11.40000,
,,,0.000932800000,  11.80000,
,,,0.000933200000,  11.80000,
,,,0.000933600000,  11.40000,
,,,0.000934000000,  11.60000,
,,,0.000934400000,  11.60000,
,,,0.000934800000,  11.40000,
,,,0.000935200000,  11.60000,
,,,0.000935600000,  11.60000,
,,,0.000936000000,  11.60000,
,,,0.000936400000,  11.60000,
,,,0.000936800000,  11.80000,
,,,0.000937200000,  11.60000,
,,,0.000937600000,  11.40000,
,,,0.000938000000,  11.60000,
,,,0.000938400000,  11.60000,
,,,0.000938800000,  11.80000,
,,,0.000939200000,  11.60000,
,,,0.000939600000,  11.40000,
,,,0.000940000000,  11.60000,
,,,0.000940400000,  11.60000,
,,,0.000940800000,  11.60000,
,,,0.000941200000,  11.60000,
,,,0.000941600000,  11.60000,
,,,0.000942000000,  11.60000,
,,,0.000942400000,  11.60000,
,,,0.000942800000,  11.60000,
,,,0.000943200000,  11.60000,
,,,0.000943600000,  11.40000,
,,,0.000944000000,  11.40000,
,,,0.000944400000,  11.40000,
,,,0.000944800000,  11.40000,
,,,0.000945200000,  11.60000,
,,,0.000945600000,  11.60000,
,,,0.000946000000,  11.60000,
,,,0.000946400000,  11.60000,
,,,0.000946800000,  11.40000,
,,,0.000947200000,  11.40000,
,,,0.000947600000,  11.60000,
,,,0.000948000000,  11.60000,
,,,0.000948400000,  11.80000,
,,,0.000948800000,  11.60000,
,,,0.000949200000,  11.60000,
,,,0.000949600000,  11.60000,
,,,0.000950000000,  11.60000,
,,,0.000950400000,  11.40000,
,,,0.000950800000,  11.80000,
,,,0.000951200000,  11.60000,
,,,0.000951600000,  11.60000,
,,,0.000952000000,  11.60000,
,,,0.000952400000,  11.40000,
,,,0.000952800000,  11.60000,
,,,0.000953200000,  11.40000,
,,,0.000953600000,  11.40000,
,,,0.000954000000,  11.60000,
,,,0.000954400000,  11.60000,
,,,0.000954800000,  11.60000,
,,,0.000955200000,  11.40000,
,,,0.000955600000,  11.80000,
,,,0.000956000000,  11.40000,
,,,0.000956400000,  11.60000,
,,,0.000956800000,  11.60000,
,,,0.000957200000,  11.60000,
,,,0.000957600000,  11.60000,
,,,0.000958000000,  11.60000,
,,,0.000958400000,  11.40000,
,,,0.000958800000,  11.60000,
,,,0.000959200000,  11.60000,
,,,0.000959600000,  11.60000,
,,,0.000960000000,  11.60000,
,,,0.000960400000,  11.60000,
,,,0.000960800000,  11.60000,
,,,0.000961200000,  11.40000,
,,,0.000961600000,  11.60000,
,,,0.000962000000,  11.60000,
,,,0.000962400000,  11.80000,
,,,0.000962800000,  11.60000,
,,,0.000963200000,  11.40000,
,,,0.000963600000,  11.60000,
,,,0.000964000000,  11.40000,
,,,0.000964400000,  11.60000,
,,,0.000964800000,  11.60000,
,,,0.000965200000,  11.60000,
,,,0.000965600000,  11.60000,
,,,0.000966000000,  11.60000,
,,,0.000966400000,  11.60000,
,,,0.000966800000,  11.40000,
,,,0.000967200000,  11.40000,
,,,0.000967600000,  11.60000,
,,,0.000968000000,  11.60000,
,,,0.000968400000,  11.40000,
,,,0.000968800000,  11.60000,
,,,0.000969200000,  11.40000,
,,,0.000969600000,  11.60000,
,,,0.000970000000,  11.60000,
,,,0.000970400000,  11.60000,
,,,0.000970800000,  11.60000,
,,,0.000971200000,  11.60000,
,,,0.000971600000,  11.40000,
,,,0.000972000000,  11.40000,
,,,0.000972400000,  11.60000,
,,,0.000972800000,  11.60000,
,,,0.000973200000,  11.60000,
,,,0.000973600000,  11.60000,
,,,0.000974000000,  11.60000,
,,,0.000974400000,  11.60000,
,,,0.000974800000,  11.60000,
,,,0.000975200000,  11.40000,
,,,0.000975600000,  11.60000,
,,,0.000976000000,  11.60000,
,,,0.000976400000,  11.80000,
,,,0.000976800000,  11.80000,
,,,0.000977200000,  11.40000,
,,,0.000977600000,  11.60000,
,,,0.000978000000,  11.60000,
,,,0.000978400000,  11.60000,
,,,0.000978800000,  11.60000,
,,,0.000979200000,  11.40000,
,,,0.000979600000,  11.40000,
,,,0.000980000000,  11.60000,
,,,0.000980400000,  11.40000,
,,,0.000980800000,  11.40000,
,,,0.000981200000,  11.40000,
,,,0.000981600000,  11.60000,
,,,0.000982000000,  11.60000,
,,,0.000982400000,  11.60000,
,,,0.000982800000,  11.40000,
,,,0.000983200000,  11.60000,
,,,0.000983600000,  11.40000,
,,,0.000984000000,  11.40000,
,,,0.000984400000,  11.40000,
,,,0.000984800000,  11.40000,
,,,0.000985200000,  11.60000,
,,,0.000985600000,  11.60000,
,,,0.000986000000,  11.60000,
,,,0.000986400000,  11.40000,
,,,0.000986800000,  11.40000,
,,,0.000987200000,  11.40000,
,,,0.000987600000,  11.40000,
,,,0.000988000000,  11.60000,
,,,0.000988400000,  11.60000,
,,,0.000988800000,  11.40000,
,,,0.000989200000,  11.60000,
,,,0.000989600000,  11.60000,
,,,0.000990000000,  11.40000,
,,,0.000990400000,  11.60000,
,,,0.000990800000,  11.60000,
,,,0.000991200000,  11.40000,
,,,0.000991600000,  11.40000,
,,,0.000992000000,  11.20000,
,,,0.000992400000,  11.60000,
,,,0.000992800000,  11.60000,
,,,0.000993200000,  11.60000,
,,,0.000993600000,  11.60000,
,,,0.000994000000,  11.80000,
,,,0.000994400000,  11.60000,
,,,0.000994800000,  11.60000,
,,,0.000995200000,  11.60000,
,,,0.000995600000,  11.20000,
,,,0.000996000000,  11.40000,
,,,0.000996400000,  11.40000,
,,,0.000996800000,  11.60000,
,,,0.000997200000,  11.60000,
,,,0.000997600000,  11.60000,
,,,0.000998000000,  11.40000,
,,,0.000998400000,  11.60000,
,,,0.000998800000,  11.60000,
,,,0.000999200000,  11.60000,
,,,0.000999600000,  11.60000,
,,,0.001000000000,  11.60000,
,,,0.001000400000,  11.60000,
,,,0.001000800000,  11.40000,
,,,0.001001200000,  11.40000,
,,,0.001001600000,  11.40000,
,,,0.001002000000,  11.60000,
,,,0.001002400000,  11.60000,
,,,0.001002800000,  11.60000,
,,,0.001003200000,  11.60000,
,,,0.001003600000,  11.40000,
,,,0.001004000000,  11.60000,
,,,0.001004400000,  11.40000,
,,,0.001004800000,  11.60000,
,,,0.001005200000,  11.60000,
,,,0.001005600000,  11.60000,
,,,0.001006000000,  11.60000,
,,,0.001006400000,  11.40000,
,,,0.001006800000,  11.40000,
,,,0.001007200000,  11.40000,
,,,0.001007600000,  11.60000,
,,,0.001008000000,  11.60000,
,,,0.001008400000,  11.60000,
,,,0.001008800000,  11.60000,
,,,0.001009200000,  11.40000,
,,,0.001009600000,  11.40000,
,,,0.001010000000,  11.60000,
,,,0.001010400000,  11.60000,
,,,0.001010800000,  11.60000,
,,,0.001011200000,  11.60000,
,,,0.001011600000,  11.40000,
,,,0.001012000000,  11.60000,
,,,0.001012400000,  11.60000,
,,,0.001012800000,  11.40000,
,,,0.001013200000,  11.60000,
,,,0.001013600000,  11.40000,
,,,0.001014000000,  11.40000,
,,,0.001014400000,  11.60000,
,,,0.001014800000,  11.60000,
,,,0.001015200000,  11.60000,
,,,0.001015600000,  11.40000,
,,,0.001016000000,  11.60000,
,,,0.001016400000,  11.80000,
,,,0.001016800000,  11.40000,
,,,0.001017200000,  11.60000,
,,,0.001017600000,  11.40000,
,,,0.001018000000,  11.40000,
,,,0.001018400000,  11.40000,
,,,0.001018800000,  11.60000,
,,,0.001019200000,  11.60000,
,,,0.001019600000,  11.40000,
,,,0.001020000000,  11.60000,
,,,0.001020400000,  11.60000,
,,,0.001020800000,  11.40000,
,,,0.001021200000,  11.40000,
,,,0.001021600000,  11.80000,
,,,0.001022000000,  11.40000,
,,,0.001022400000,  11.40000,
,,,0.001022800000,  11.60000,
,,,0.001023200000,  11.40000,
,,,0.001023600000,  11.40000,
,,,0.001024000000,  11.60000,
,,,0.001024400000,  11.60000,
,,,0.001024800000,  11.40000,
,,,0.001025200000,  11.40000,
,,,0.001025600000,  11.80000,
,,,0.001026000000,  11.60000,
,,,0.001026400000,  11.40000,
,,,0.001026800000,  11.60000,
,,,0.001027200000,  11.40000,
,,,0.001027600000,  11.80000,
,,,0.001028000000,  11.40000,
,,,0.001028400000,  11.60000,
,,,0.001028800000,  11.40000,
,,,0.001029200000,  11.40000,
,,,0.001029600000,  11.60000,
,,,0.001030000000,  11.60000,
,,,0.001030400000,  11.60000,
,,,0.001030800000,  11.60000,
,,,0.001031200000,  11.40000,
,,,0.001031600000,  11.40000,
,,,0.001032000000,  11.40000,
,,,0.001032400000,  11.60000,
,,,0.001032800000,  11.40000,
,,,0.001033200000,  11.40000,
,,,0.001033600000,  11.60000,
,,,0.001034000000,  11.40000,
,,,0.001034400000,  11.60000,
,,,0.001034800000,  11.80000,
,,,0.001035200000,  11.40000,
,,,0.001035600000,  11.40000,
,,,0.001036000000,  11.40000,
,,,0.001036400000,  11.40000,
,,,0.001036800000,  11.60000,
,,,0.001037200000,  11.40000,
,,,0.001037600000,  11.20000,
,,,0.001038000000,  11.60000,
,,,0.001038400000,  11.60000,
,,,0.001038800000,  11.60000,
,,,0.001039200000,  11.60000,
,,,0.001039600000,  11.40000,
,,,0.001040000000,  11.40000,
,,,0.001040400000,  11.20000,
,,,0.001040800000,  11.80000,
,,,0.001041200000,  11.40000,
,,,0.001041600000,  11.40000,
,,,0.001042000000,  11.40000,
,,,0.001042400000,  11.60000,
,,,0.001042800000,  11.60000,
,,,0.001043200000,  11.40000,
,,,0.001043600000,  11.60000,
,,,0.001044000000,  11.20000,
,,,0.001044400000,  11.40000,
,,,0.001044800000,  11.60000,
,,,0.001045200000,  11.40000,
,,,0.001045600000,  11.40000,
,,,0.001046000000,  11.60000,
,,,0.001046400000,  11.40000,
,,,0.001046800000,  11.60000,
,,,0.001047200000,  11.60000,
,,,0.001047600000,  11.40000,
,,,0.001048000000,  11.60000,
,,,0.001048400000,  11.40000,
,,,0.001048800000,  11.40000,
,,,0.001049200000,  11.60000,
,,,0.001049600000,  11.40000,
,,,0.001050000000,  11.60000,
,,,0.001050400000,  11.40000,
,,,0.001050800000,  11.40000,
,,,0.001051200000,  11.40000,
,,,0.001051600000,  11.60000,
,,,0.001052000000,  11.80000,
,,,0.001052400000,  11.60000,
,,,0.001052800000,  11.60000,
,,,0.001053200000,  11.40000,
,,,0.001053600000,  11.40000,
,,,0.001054000000,  11.60000,
,,,0.001054400000,  11.60000,
,,,0.001054800000,  11.40000,
,,,0.001055200000,  11.40000,
,,,0.001055600000,  11.40000,
,,,0.001056000000,  11.60000,
,,,0.001056400000,  11.40000,
,,,0.001056800000,  11.60000,
,,,0.001057200000,  11.40000,
,,,0.001057600000,  11.60000,
,,,0.001058000000,  11.60000,
,,,0.001058400000,  11.40000,
,,,0.001058800000,  11.60000,
,,,0.001059200000,  11.40000,
,,,0.001059600000,  11.80000,
,,,0.001060000000,  11.60000,
,,,0.001060400000,  11.40000,
,,,0.001060800000,  11.20000,
,,,0.001061200000,  11.60000,
,,,0.001061600000,  11.60000,
,,,0.001062000000,  11.60000,
,,,0.001062400000,  11.60000,
,,,0.001062800000,  11.40000,
,,,0.001063200000,  11.60000,
,,,0.001063600000,  11.40000,
,,,0.001064000000,  11.40000,
,,,0.001064400000,  11.80000,
,,,0.001064800000,  11.60000,
,,,0.001065200000,  11.60000,
,,,0.001065600000,  11.60000,
,,,0.001066000000,  11.60000,
,,,0.001066400000,  11.40000,
,,,0.001066800000,  11.60000,
,,,0.001067200000,  11.60000,
,,,0.001067600000,  11.40000,
,,,0.001068000000,  11.60000,
,,,0.001068400000,  11.60000,
,,,0.001068800000,  11.40000,
,,,0.001069200000,  11.60000,
,,,0.001069600000,  11.60000,
,,,0.001070000000,  11.40000,
,,,0.001070400000,  11.40000,
,,,0.001070800000,  11.40000,
,,,0.001071200000,  11.20000,
,,,0.001071600000,  11.40000,
,,,0.001072000000,  11.60000,
,,,0.001072400000,  11.60000,
,,,0.001072800000,  11.80000,
,,,0.001073200000,  11.60000,
,,,0.001073600000,  11.40000,
,,,0.001074000000,  11.60000,
,,,0.001074400000,  11.60000,
,,,0.001074800000,  11.40000,
,,,0.001075200000,  11.40000,
,,,0.001075600000,  11.60000,
,,,0.001076000000,  11.40000,
,,,0.001076400000,  11.60000,
,,,0.001076800000,  11.40000,
,,,0.001077200000,  11.40000,
,,,0.001077600000,  11.40000,
,,,0.001078000000,  11.60000,
,,,0.001078400000,  11.60000,
,,,0.001078800000,  11.60000,
,,,0.001079200000,  11.60000,
,,,0.001079600000,  11.40000,
,,,0.001080000000,  11.40000,
,,,0.001080400000,  11.40000,
,,,0.001080800000,  11.60000,
,,,0.001081200000,  11.40000,
,,,0.001081600000,  11.40000,
,,,0.001082000000,  11.40000,
,,,0.001082400000,  11.40000,
,,,0.001082800000,  11.40000,
,,,0.001083200000,  11.60000,
,,,0.001083600000,  11.40000,
,,,0.001084000000,  11.20000,
,,,0.001084400000,  11.40000,
,,,0.001084800000,  11.60000,
,,,0.001085200000,  11.60000,
,,,0.001085600000,  11.40000,
,,,0.001086000000,  11.40000,
,,,0.001086400000,  11.60000,
,,,0.001086800000,  11.60000,
,,,0.001087200000,  11.40000,
,,,0.001087600000,  11.60000,
,,,0.001088000000,  11.40000,
,,,0.001088400000,  11.40000,
,,,0.001088800000,  11.40000,
,,,0.001089200000,  11.40000,
,,,0.001089600000,  11.60000,
,,,0.001090000000,  11.40000,
,,,0.001090400000,  11.40000,
,,,0.001090800000,  11.40000,
,,,0.001091200000,  11.60000,
,,,0.001091600000,  11.60000,
,,,0.001092000000,  11.40000,
,,,0.001092400000,  11.40000,
,,,0.001092800000,  11.60000,
,,,0.001093200000,  11.60000,
,,,0.001093600000,  11.40000,
,,,0.001094000000,  11.40000,
,,,0.001094400000,  11.80000,
,,,0.001094800000,  11.60000,
,,,0.001095200000,  11.60000,
,,,0.001095600000,  11.80000,
,,,0.001096000000,  11.60000,
,,,0.001096400000,  11.80000,
,,,0.001096800000,  11.40000,
,,,0.001097200000,  11.40000,
,,,0.001097600000,  11.80000,
,,,0.001098000000,  11.60000,
,,,0.001098400000,  11.40000,
,,,0.001098800000,  11.40000,
,,,0.001099200000,  11.60000,
,,,0.001099600000,  11.40000,
,,,0.001100000000,  11.60000,
,,,0.001100400000,  11.40000,
,,,0.001100800000,  11.60000,
,,,0.001101200000,  11.60000,
,,,0.001101600000,  11.40000,
,,,0.001102000000,  11.40000,
,,,0.001102400000,  11.40000,
,,,0.001102800000,  11.40000,
,,,0.001103200000,  11.40000,
,,,0.001103600000,  11.60000,
,,,0.001104000000,  11.60000,
,,,0.001104400000,  11.40000,
,,,0.001104800000,  11.60000,
,,,0.001105200000,  11.60000,
,,,0.001105600000,  11.40000,
,,,0.001106000000,  11.60000,
,,,0.001106400000,  11.60000,
,,,0.001106800000,  11.60000,
,,,0.001107200000,  11.60000,
,,,0.001107600000,  11.60000,
,,,0.001108000000,  11.40000,
,,,0.001108400000,  11.40000,
,,,0.001108800000,  11.40000,
,,,0.001109200000,  11.60000,
,,,0.001109600000,  11.40000,
,,,0.001110000000,  11.40000,
,,,0.001110400000,  11.40000,
,,,0.001110800000,  11.40000,
,,,0.001111200000,  11.40000,
,,,0.001111600000,  11.40000,
,,,0.001112000000,  11.40000,
,,,0.001112400000,  11.60000,
,,,0.001112800000,  11.40000,
,,,0.001113200000,  11.40000,
,,,0.001113600000,  11.60000,
,,,0.001114000000,  11.40000,
,,,0.001114400000,  11.40000,
,,,0.001114800000,  11.60000,
,,,0.001115200000,  11.40000,
,,,0.001115600000,  11.40000,
,,,0.001116000000,  11.60000,
,,,0.001116400000,  11.40000,
,,,0.001116800000,  11.40000,
,,,0.001117200000,  11.60000,
,,,0.001117600000,  11.60000,
,,,0.001118000000,  11.40000,
,,,0.001118400000,  11.60000,
,,,0.001118800000,  11.80000,
,,,0.001119200000,  11.60000,
,,,0.001119600000,  11.40000,
,,,0.001120000000,  11.60000,
,,,0.001120400000,  11.40000,
,,,0.001120800000,  11.40000,
,,,0.001121200000,  11.40000,
,,,0.001121600000,  11.40000,
,,,0.001122000000,  11.60000,
,,,0.001122400000,  11.60000,
,,,0.001122800000,  11.60000,
,,,0.001123200000,  11.40000,
,,,0.001123600000,  11.40000,
,,,0.001124000000,  11.40000,
,,,0.001124400000,  11.60000,
,,,0.001124800000,  11.60000,
,,,0.001125200000,  11.40000,
,,,0.001125600000,  11.20000,
,,,0.001126000000,  11.40000,
,,,0.001126400000,  11.40000,
,,,0.001126800000,  11.40000,
,,,0.001127200000,  11.60000,
,,,0.001127600000,  11.40000,
,,,0.001128000000,  11.20000,
,,,0.001128400000,  11.40000,
,,,0.001128800000,  11.40000,
,,,0.001129200000,  11.60000,
,,,0.001129600000,  11.40000,
,,,0.001130000000,  11.20000,
,,,0.001130400000,  11.60000,
,,,0.001130800000,  11.60000,
,,,0.001131200000,  11.40000,
,,,0.001131600000,  11.40000,
,,,0.001132000000,  11.40000,
,,,0.001132400000,  11.40000,
,,,0.001132800000,  11.40000,
,,,0.001133200000,  11.40000,
,,,0.001133600000,  11.40000,
,,,0.001134000000,  11.80000,
,,,0.001134400000,  11.40000,
,,,0.001134800000,  11.60000,
,,,0.001135200000,  11.80000,
,,,0.001135600000,  11.40000,
,,,0.001136000000,  11.60000,
,,,0.001136400000,  11.60000,
,,,0.001136800000,  11.40000,
,,,0.001137200000,  11.60000,
,,,0.001137600000,  11.40000,
,,,0.001138000000,  11.40000,
,,,0.001138400000,  11.60000,
,,,0.001138800000,  11.60000,
,,,0.001139200000,  11.60000,
,,,0.001139600000,  11.40000,
,,,0.001140000000,  11.40000,
,,,0.001140400000,  11.60000,
,,,0.001140800000,  11.40000,
,,,0.001141200000,  11.40000,
,,,0.001141600000,  11.40000,
,,,0.001142000000,  11.40000,
,,,0.001142400000,  11.40000,
,,,0.001142800000,  11.20000,
,,,0.001143200000,  11.40000,
,,,0.001143600000,  11.60000,
,,,0.001144000000,  11.40000,
,,,0.001144400000,  11.60000,
,,,0.001144800000,  11.60000,
,,,0.001145200000,  11.40000,
,,,0.001145600000,  11.60000,
,,,0.001146000000,  11.40000,
,,,0.001146400000,  11.40000,
,,,0.001146800000,  11.40000,
,,,0.001147200000,  11.40000,
,,,0.001147600000,  11.40000,
,,,0.001148000000,  11.60000,
,,,0.001148400000,  11.40000,
,,,0.001148800000,  11.40000,
,,,0.001149200000,  11.40000,
,,,0.001149600000,  11.40000,
,,,0.001150000000,  11.40000,
,,,0.001150400000,  11.20000,
,,,0.001150800000,  11.60000,
,,,0.001151200000,  11.60000,
,,,0.001151600000,  11.60000,
,,,0.001152000000,  11.60000,
,,,0.001152400000,  11.60000,
,,,0.001152800000,  11.40000,
,,,0.001153200000,  11.60000,
,,,0.001153600000,  11.60000,
,,,0.001154000000,  11.20000,
,,,0.001154400000,  11.40000,
,,,0.001154800000,  11.40000,
,,,0.001155200000,  11.60000,
,,,0.001155600000,  11.40000,
,,,0.001156000000,  11.60000,
,,,0.001156400000,  11.40000,
,,,0.001156800000,  11.40000,
,,,0.001157200000,  11.40000,
,,,0.001157600000,  11.40000,
,,,0.001158000000,  11.60000,
,,,0.001158400000,  11.60000,
,,,0.001158800000,  11.40000,
,,,0.001159200000,  11.40000,
,,,0.001159600000,  11.40000,
,,,0.001160000000,  11.20000,
,,,0.001160400000,  11.60000,
,,,0.001160800000,  11.40000,
,,,0.001161200000,  11.40000,
,,,0.001161600000,  11.60000,
,,,0.001162000000,  11.40000,
,,,0.001162400000,  11.40000,
,,,0.001162800000,  11.20000,
,,,0.001163200000,  11.40000,
,,,0.001163600000,  11.40000,
,,,0.001164000000,  11.60000,
,,,0.001164400000,  11.60000,
,,,0.001164800000,  11.40000,
,,,0.001165200000,  11.20000,
,,,0.001165600000,  11.40000,
,,,0.001166000000,  11.40000,
,,,0.001166400000,  11.20000,
,,,0.001166800000,  11.60000,
,,,0.001167200000,  11.20000,
,,,0.001167600000,  11.20000,
,,,0.001168000000,  11.40000,
,,,0.001168400000,  11.40000,
,,,0.001168800000,  11.60000,
,,,0.001169200000,  11.60000,
,,,0.001169600000,  11.40000,
,,,0.001170000000,  11.40000,
,,,0.001170400000,  11.60000,
,,,0.001170800000,  11.40000,
,,,0.001171200000,  11.40000,
,,,0.001171600000,  11.40000,
,,,0.001172000000,  11.40000,
,,,0.001172400000,  11.40000,
,,,0.001172800000,  11.60000,
,,,0.001173200000,  11.40000,
,,,0.001173600000,  11.60000,
,,,0.001174000000,  11.40000,
,,,0.001174400000,  11.40000,
,,,0.001174800000,  11.40000,
,,,0.001175200000,  11.40000,
,,,0.001175600000,  11.40000,
,,,0.001176000000,  11.60000,
,,,0.001176400000,  11.40000,
,,,0.001176800000,  11.60000,
,,,0.001177200000,  11.40000,
,,,0.001177600000,  11.20000,
,,,0.001178000000,  11.40000,
,,,0.001178400000,  11.60000,
,,,0.001178800000,  11.60000,
,,,0.001179200000,  11.40000,
,,,0.001179600000,  11.40000,
,,,0.001180000000,  11.80000,
,,,0.001180400000,  11.40000,
,,,0.001180800000,  11.40000,
,,,0.001181200000,  11.40000,
,,,0.001181600000,  11.60000,
,,,0.001182000000,  11.20000,
,,,0.001182400000,  11.40000,
,,,0.001182800000,  11.40000,
,,,0.001183200000,  11.60000,
,,,0.001183600000,  11.40000,
,,,0.001184000000,  11.60000,
,,,0.001184400000,  11.60000,
,,,0.001184800000,  11.40000,
,,,0.001185200000,  11.40000,
,,,0.001185600000,  11.40000,
,,,0.001186000000,  11.60000,
,,,0.001186400000,  11.40000,
,,,0.001186800000,  11.40000,
,,,0.001187200000,  11.40000,
,,,0.001187600000,  11.40000,
,,,0.001188000000,  11.40000,
,,,0.001188400000,  11.40000,
,,,0.001188800000,  11.60000,
,,,0.001189200000,  11.40000,
,,,0.001189600000,  11.40000,
,,,0.001190000000,  11.20000,
,,,0.001190400000,  11.60000,
,,,0.001190800000,  11.20000,
,,,0.001191200000,  11.60000,
,,,0.001191600000,  11.60000,
,,,0.001192000000,  11.60000,
,,,0.001192400000,  11.40000,
,,,0.001192800000,  11.40000,
,,,0.001193200000,  11.60000,
,,,0.001193600000,  11.20000,
,,,0.001194000000,  11.60000,
,,,0.001194400000,  11.40000,
,,,0.001194800000,  11.60000,
,,,0.001195200000,  11.60000,
,,,0.001195600000,  11.40000,
,,,0.001196000000,  11.20000,
,,,0.001196400000,  11.60000,
,,,0.001196800000,  11.40000,
,,,0.001197200000,  11.40000,
,,,0.001197600000,  11.20000,
,,,0.001198000000,  11.40000,
,,,0.001198400000,  11.40000,
,,,0.001198800000,  11.60000,
,,,0.001199200000,  11.40000,
,,,0.001199600000,  11.40000,
