time,(LX)
0.000000,3.908053E+2
0.010000,4.025981E+2
0.020000,3.914990E+2
0.030000,3.968503E+2
0.040000,3.936791E+2
0.050000,3.981386E+2
0.060000,3.978413E+2
0.070000,3.965530E+2
0.080000,3.928864E+2
0.090000,3.950665E+2
0.100000,3.924900E+2
0.110000,3.944719E+2
0.120000,3.968503E+2
0.130000,3.986341E+2
0.140000,3.956611E+2
0.150000,3.973458E+2
0.160000,3.914990E+2
0.170000,3.957602E+2
0.180000,3.908053E+2
0.190000,3.985350E+2
0.200000,3.936791E+2
0.210000,3.978413E+2
0.220000,3.907062E+2
0.230000,3.980395E+2
0.240000,3.932827E+2
0.250000,3.972467E+2
0.260000,3.933818E+2
0.270000,3.965530E+2
0.280000,3.916972E+2
0.290000,4.010125E+2
0.300000,3.909044E+2
0.310000,3.994269E+2
0.320000,3.914990E+2
0.330000,3.950665E+2
0.340000,3.892197E+2
0.350000,3.962557E+2
0.360000,3.955620E+2
0.370000,3.950665E+2
0.380000,3.902107E+2
0.390000,3.968503E+2
0.400000,3.917963E+2
0.410000,3.976431E+2
0.420000,3.897152E+2
0.430000,3.958593E+2
0.440000,3.932827E+2
0.450000,3.946701E+2
0.460000,3.897152E+2
0.470000,3.968503E+2
0.480000,3.903098E+2
0.490000,3.974449E+2
0.500000,3.910035E+2
0.510000,3.944719E+2
0.520000,3.933818E+2
0.530000,3.990305E+2
0.540000,3.930846E+2
0.550000,3.956611E+2
0.560000,3.920936E+2
0.570000,3.959584E+2
0.580000,3.894179E+2
0.590000,3.978413E+2
0.600000,3.948683E+2
0.610000,3.979404E+2
0.620000,3.909044E+2
0.630000,3.952647E+2
0.640000,3.896161E+2
0.650000,3.951656E+2
0.660000,3.911026E+2
0.670000,3.965530E+2
0.680000,3.919945E+2
0.690000,3.960575E+2
0.700000,3.920936E+2
0.710000,3.982377E+2
0.720000,3.905080E+2
0.730000,3.941746E+2
0.740000,3.908053E+2
0.750000,3.954629E+2
0.760000,3.897152E+2
0.770000,3.963548E+2
0.780000,3.920936E+2
0.790000,3.965530E+2
0.800000,3.926882E+2
0.810000,3.947692E+2
0.820000,3.894179E+2
0.830000,3.955620E+2
0.840000,3.910035E+2
0.850000,3.938773E+2
0.860000,3.923909E+2
0.870000,3.981386E+2
0.880000,3.908053E+2
0.890000,3.938773E+2
0.900000,3.915981E+2
0.910000,3.959584E+2
0.920000,3.921927E+2
0.930000,3.977422E+2
0.940000,3.933818E+2
0.950000,3.950665E+2
0.960000,3.907062E+2
0.970000,3.949674E+2
0.980000,3.918954E+2
0.990000,3.981386E+2
1.000000,3.934809E+2
1.010000,3.956611E+2
1.020000,3.894179E+2
1.030000,3.940755E+2
1.040000,3.899134E+2
1.050000,3.947692E+2
1.060000,3.922918E+2
1.070000,3.962557E+2
1.080000,3.902107E+2
1.090000,3.972467E+2
1.100000,3.920936E+2
1.110000,3.969494E+2
1.120000,3.914990E+2
1.130000,3.942737E+2
1.140000,3.896161E+2
1.150000,3.950665E+2
1.160000,3.923909E+2
1.170000,3.980395E+2
1.180000,3.925891E+2
1.190000,3.957602E+2
1.200000,3.913008E+2
1.210000,3.971476E+2
1.220000,3.889224E+2
1.230000,3.961566E+2
1.240000,3.913008E+2
1.250000,3.948683E+2
1.260000,3.902107E+2
1.270000,3.981386E+2
1.280000,3.906071E+2
1.290000,3.946701E+2
1.300000,3.928864E+2
1.310000,3.963548E+2
1.320000,3.893188E+2
1.330000,3.983368E+2
1.340000,3.889224E+2
1.350000,3.947692E+2
1.360000,3.910035E+2
1.370000,3.965530E+2
1.380000,3.938773E+2
1.390000,3.996251E+2
1.400000,3.916972E+2
1.410000,3.960575E+2
1.420000,3.889224E+2
1.430000,3.988323E+2
1.440000,3.903098E+2
1.450000,3.948683E+2
1.460000,3.911026E+2
1.470000,3.954629E+2
1.480000,3.920936E+2
1.490000,3.961566E+2
1.500000,3.894179E+2
1.510000,3.972467E+2
1.520000,3.896161E+2
1.530000,3.945710E+2
1.540000,3.921927E+2
1.550000,3.956611E+2
1.560000,3.886251E+2
1.570000,3.985350E+2
1.580000,3.929855E+2
1.590000,3.970485E+2
1.600000,3.905080E+2
1.610000,3.984359E+2
1.620000,3.905080E+2
1.630000,3.979404E+2
1.640000,3.890215E+2
1.650000,3.948683E+2
1.660000,3.884269E+2
1.670000,3.949674E+2
1.680000,3.914990E+2
1.690000,3.969494E+2
1.700000,3.924900E+2
1.710000,3.985350E+2
1.720000,3.918954E+2
1.730000,3.989314E+2
1.740000,3.891206E+2
1.750000,3.978413E+2
1.760000,3.900125E+2
1.770000,3.954629E+2
1.780000,3.893188E+2
1.790000,3.995260E+2
1.800000,3.888233E+2
1.810000,3.958593E+2
1.820000,3.896161E+2
1.830000,3.988323E+2
1.840000,3.913999E+2
1.850000,3.959584E+2
1.860000,3.900125E+2
1.870000,3.948683E+2
1.880000,3.892197E+2
1.890000,3.978413E+2
1.900000,3.889224E+2
1.910000,3.983368E+2
1.920000,3.902107E+2
1.930000,3.945710E+2
1.940000,3.891206E+2
1.950000,3.965530E+2
1.960000,3.912017E+2
1.970000,3.967512E+2
1.980000,3.904089E+2
1.990000,3.957602E+2
2.000000,3.899134E+2
2.010000,3.948683E+2
2.020000,3.912017E+2
2.030000,3.999224E+2
2.040000,3.895170E+2
2.050000,3.963548E+2
2.060000,3.890215E+2
2.070000,3.977422E+2
2.080000,3.909044E+2
2.090000,3.948683E+2
2.100000,3.916972E+2
2.110000,3.949674E+2
2.120000,3.895170E+2
2.130000,3.976431E+2
2.140000,3.878323E+2
2.150000,3.948683E+2
2.160000,3.896161E+2
2.170000,3.970485E+2
2.180000,3.901116E+2
2.190000,3.969494E+2
2.200000,3.927873E+2
2.210000,3.959584E+2
2.220000,3.920936E+2
2.230000,3.982377E+2
2.240000,3.916972E+2
2.250000,3.956611E+2
2.260000,3.881296E+2
2.270000,3.981386E+2
2.280000,3.913999E+2
2.290000,3.989314E+2
2.300000,3.915981E+2
2.310000,3.949674E+2
2.320000,3.901116E+2
2.330000,3.979404E+2
2.340000,3.896161E+2
2.350000,3.950665E+2
2.360000,3.903098E+2
2.370000,3.954629E+2
2.380000,3.919945E+2
2.390000,3.951656E+2
2.400000,3.923909E+2
2.410000,3.990305E+2
2.420000,3.901116E+2
2.430000,3.981386E+2
2.440000,3.924900E+2
2.450000,3.975440E+2
2.460000,3.897152E+2
2.470000,3.960575E+2
2.480000,3.916972E+2
2.490000,3.991296E+2
2.500000,3.927873E+2
2.510000,3.980395E+2
2.520000,3.881296E+2
2.530000,3.968503E+2
2.540000,3.901116E+2
2.550000,3.956611E+2
2.560000,3.903098E+2
2.570000,3.957602E+2
2.580000,3.910035E+2
2.590000,3.973458E+2
2.600000,3.903098E+2
2.610000,3.981386E+2
2.620000,3.893188E+2
2.630000,3.963548E+2
2.640000,3.912017E+2
2.650000,3.999224E+2
2.660000,3.889224E+2
2.670000,3.972467E+2
2.680000,3.891206E+2
2.690000,3.972467E+2
2.700000,3.926882E+2
2.710000,3.983368E+2
2.720000,3.933818E+2
2.730000,3.992287E+2
2.740000,3.911026E+2
2.750000,3.984359E+2
2.760000,3.911026E+2
2.770000,3.983368E+2
2.780000,3.914990E+2
2.790000,3.980395E+2
2.800000,3.916972E+2
2.810000,3.965530E+2
2.820000,3.896161E+2
2.830000,3.985350E+2
2.840000,3.923909E+2
2.850000,3.975440E+2
2.860000,3.913008E+2
2.870000,3.986341E+2
2.880000,3.907062E+2
2.890000,3.961566E+2
2.900000,3.895170E+2
2.910000,3.974449E+2
2.920000,3.894179E+2
2.930000,3.981386E+2
2.940000,3.908053E+2
2.950000,3.964539E+2
2.960000,3.912017E+2
2.970000,3.955620E+2
2.980000,3.916972E+2
2.990000,3.980395E+2
3.000000,3.917963E+2
3.010000,3.969494E+2
3.020000,3.897152E+2
3.030000,3.980395E+2
3.040000,3.914990E+2
3.050000,3.973458E+2
3.060000,3.919945E+2
3.070000,3.960575E+2
3.080000,3.890215E+2
3.090000,3.965530E+2
3.100000,3.927873E+2
3.110000,3.962557E+2
3.120000,3.914990E+2
3.130000,3.948683E+2
3.140000,3.914990E+2
3.150000,3.958593E+2
3.160000,3.930846E+2
3.170000,3.959584E+2
3.180000,3.889224E+2
3.190000,3.995260E+2
3.200000,3.886251E+2
3.210000,3.943728E+2
3.220000,3.904089E+2
3.230000,3.951656E+2
3.240000,3.917963E+2
3.250000,3.982377E+2
3.260000,3.893188E+2
3.270000,3.946701E+2
3.280000,3.905080E+2
3.290000,3.951656E+2
3.300000,3.915981E+2
3.310000,3.968503E+2
3.320000,3.899134E+2
3.330000,3.964539E+2
3.340000,3.899134E+2
3.350000,3.970485E+2
3.360000,3.920936E+2
3.370000,3.959584E+2
3.380000,3.893188E+2
3.390000,3.976431E+2
3.400000,3.887242E+2
3.410000,3.955620E+2
3.420000,3.914990E+2
3.430000,3.977422E+2
3.440000,3.885260E+2
3.450000,3.980395E+2
3.460000,3.915981E+2
3.470000,3.953638E+2
3.480000,3.890215E+2
3.490000,3.964539E+2
3.500000,3.893188E+2
3.510000,3.966521E+2
3.520000,3.929855E+2
3.530000,3.965530E+2
3.540000,3.895170E+2
3.550000,3.954629E+2
3.560000,3.914990E+2
3.570000,3.989314E+2
3.580000,3.922918E+2
3.590000,3.955620E+2
3.600000,3.912017E+2
3.610000,3.986341E+2
3.620000,3.922918E+2
3.630000,3.958593E+2
3.640000,3.923909E+2
3.650000,3.976431E+2
3.660000,3.923909E+2
3.670000,3.968503E+2
3.680000,3.884269E+2
3.690000,3.957602E+2
3.700000,3.913008E+2
3.710000,3.992287E+2
3.720000,3.922918E+2
3.730000,3.972467E+2
3.740000,3.922918E+2
3.750000,3.980395E+2
3.760000,3.893188E+2
3.770000,3.977422E+2
3.780000,3.887242E+2
3.790000,3.949674E+2
3.800000,3.927873E+2
3.810000,3.965530E+2
3.820000,3.889224E+2
3.830000,3.997242E+2
3.840000,3.926882E+2
3.850000,3.952647E+2
3.860000,3.911026E+2
3.870000,3.980395E+2
3.880000,3.919945E+2
3.890000,3.952647E+2
3.900000,3.926882E+2
3.910000,3.990305E+2
3.920000,3.899134E+2
3.930000,3.989314E+2
3.940000,3.916972E+2
3.950000,3.988323E+2
3.960000,3.938773E+2
3.970000,3.973458E+2
3.980000,3.897152E+2
3.990000,3.995260E+2
4.000000,3.915981E+2
4.010000,3.994269E+2
4.020000,3.905080E+2
4.030000,3.952647E+2
4.040000,3.896161E+2
4.050000,3.963548E+2
4.060000,3.926882E+2
4.070000,3.991296E+2
4.080000,3.922918E+2
4.090000,3.973458E+2
4.100000,3.934809E+2
4.110000,3.965530E+2
4.120000,3.918954E+2
4.130000,3.970485E+2
4.140000,3.900125E+2
4.150000,3.968503E+2
4.160000,3.918954E+2
4.170000,3.980395E+2
4.180000,3.922918E+2
4.190000,3.996251E+2
4.200000,3.893188E+2
4.210000,3.965530E+2
4.220000,3.901116E+2
4.230000,4.006161E+2
4.240000,3.896161E+2
4.250000,3.992287E+2
4.260000,3.900125E+2
4.270000,3.980395E+2
4.280000,3.897152E+2
4.290000,3.992287E+2
4.300000,3.891206E+2
4.310000,3.998233E+2
4.320000,3.915981E+2
4.330000,3.976431E+2
4.340000,3.905080E+2
4.350000,3.980395E+2
4.360000,3.916972E+2
4.370000,4.007152E+2
4.380000,3.908053E+2
4.390000,3.994269E+2
4.400000,3.918954E+2
4.410000,3.961566E+2
4.420000,3.929855E+2
4.430000,4.004179E+2
4.440000,3.930846E+2
4.450000,3.975440E+2
4.460000,3.938773E+2
4.470000,3.983368E+2
4.480000,3.893188E+2
4.490000,4.003188E+2
4.500000,3.926882E+2
4.510000,4.015080E+2
4.520000,3.914990E+2
4.530000,3.972467E+2
4.540000,3.916972E+2
4.550000,3.965530E+2
4.560000,3.935800E+2
4.570000,3.969494E+2
4.580000,3.902107E+2
4.590000,3.981386E+2
4.600000,3.906071E+2
4.610000,3.960575E+2
4.620000,3.917963E+2
4.630000,3.977422E+2
4.640000,3.956611E+2
4.650000,3.983368E+2
4.660000,3.928864E+2
4.670000,3.994269E+2
4.680000,3.896161E+2
4.690000,3.972467E+2
4.700000,3.914990E+2
4.710000,3.961566E+2
4.720000,3.940755E+2
4.730000,3.993278E+2
4.740000,3.899134E+2
4.750000,3.989314E+2
4.760000,3.922918E+2
4.770000,3.995260E+2
4.780000,3.905080E+2
4.790000,4.004179E+2
4.800000,3.920936E+2
4.810000,3.972467E+2
4.820000,3.918954E+2
4.830000,3.988323E+2
4.840000,3.924900E+2
4.850000,3.977422E+2
4.860000,3.922918E+2
4.870000,3.977422E+2
4.880000,3.895170E+2
4.890000,3.980395E+2
4.900000,3.907062E+2
4.910000,3.964539E+2
4.920000,3.957602E+2
4.930000,3.994269E+2
4.940000,3.916972E+2
4.950000,3.956611E+2
4.960000,3.921927E+2
4.970000,3.971476E+2
4.980000,3.900125E+2
4.990000,3.973458E+2
5.000000,3.950665E+2
5.010000,3.964539E+2
5.020000,3.900125E+2
5.030000,3.976431E+2
5.040000,3.930846E+2
5.050000,3.976431E+2
5.060000,3.904089E+2
5.070000,3.968503E+2
5.080000,3.923909E+2
5.090000,3.987332E+2
5.100000,3.918954E+2
5.110000,3.990305E+2
5.120000,3.942737E+2
5.130000,3.996251E+2
5.140000,3.915981E+2
5.150000,3.976431E+2
5.160000,3.923909E+2
5.170000,3.993278E+2
5.180000,3.952647E+2
5.190000,4.005170E+2
5.200000,3.923909E+2
5.210000,3.971476E+2
5.220000,3.926882E+2
5.230000,4.021026E+2
5.240000,3.938773E+2
5.250000,3.984359E+2
5.260000,3.926882E+2
5.270000,4.014089E+2
5.280000,3.961566E+2
5.290000,4.019044E+2
5.300000,3.949674E+2
5.310000,4.029944E+2
5.320000,3.967512E+2
5.330000,4.046791E+2
5.340000,3.996251E+2
5.350000,4.018053E+2
5.360000,3.968503E+2
5.370000,4.019044E+2
5.380000,3.963548E+2
5.390000,4.031926E+2
5.400000,3.980395E+2
5.410000,4.025981E+2
5.420000,3.947692E+2
5.430000,3.989314E+2
5.440000,3.960575E+2
5.450000,3.995260E+2
5.460000,3.959584E+2
5.470000,4.012107E+2
5.480000,3.964539E+2
5.490000,3.987332E+2
5.500000,3.948683E+2
5.510000,4.027963E+2
5.520000,3.949674E+2
5.530000,3.989314E+2
5.540000,3.943728E+2
5.550000,3.998233E+2
5.560000,3.947692E+2
5.570000,4.003188E+2
5.580000,3.952647E+2
5.590000,4.023008E+2
5.600000,3.975440E+2
5.610000,4.043818E+2
5.620000,3.934809E+2
5.630000,4.008143E+2
5.640000,3.972467E+2
5.650000,4.044809E+2
5.660000,3.951656E+2
5.670000,4.006161E+2
5.680000,3.961566E+2
5.690000,3.987332E+2
5.700000,3.980395E+2
5.710000,4.031926E+2
5.720000,3.943728E+2
5.730000,4.004179E+2
5.740000,3.951656E+2
5.750000,4.004179E+2
5.760000,3.923909E+2
5.770000,4.000215E+2
5.780000,3.948683E+2
5.790000,4.002197E+2
5.800000,3.959584E+2
5.810000,3.995260E+2
5.820000,3.919945E+2
5.830000,4.001206E+2
5.840000,3.929855E+2
5.850000,3.974449E+2
5.860000,3.928864E+2
5.870000,4.019044E+2
5.880000,3.972467E+2
5.890000,4.012107E+2
5.900000,3.968503E+2
5.910000,4.014089E+2
5.920000,3.946701E+2
5.930000,4.030935E+2
5.940000,3.969494E+2
5.950000,4.037872E+2
5.960000,3.956611E+2
5.970000,4.004179E+2
5.980000,3.966521E+2
5.990000,4.010125E+2
6.000000,3.975440E+2
6.010000,4.007152E+2
6.020000,3.924900E+2
6.030000,4.025981E+2
6.040000,3.935800E+2
6.050000,4.003188E+2
6.060000,3.966521E+2
6.070000,4.053728E+2
6.080000,3.938773E+2
6.090000,4.023999E+2
6.100000,3.960575E+2
6.110000,4.006161E+2
6.120000,3.934809E+2
6.130000,4.031926E+2
6.140000,3.972467E+2
6.150000,4.027963E+2
6.160000,3.974449E+2
6.170000,4.003188E+2
6.180000,3.951656E+2
6.190000,4.052737E+2
6.200000,3.960575E+2
6.210000,4.018053E+2
6.220000,3.954629E+2
6.230000,4.008143E+2
6.240000,3.965530E+2
6.250000,4.039854E+2
6.260000,3.929855E+2
6.270000,3.989314E+2
6.280000,3.959584E+2
6.290000,4.002197E+2
6.300000,3.965530E+2
6.310000,4.032917E+2
6.320000,3.958593E+2
6.330000,4.053728E+2
6.340000,3.942737E+2
6.350000,4.016071E+2
6.360000,3.972467E+2
6.370000,4.008143E+2
6.380000,3.954629E+2
6.390000,4.022017E+2
6.400000,3.928864E+2
6.410000,3.989314E+2
6.420000,3.973458E+2
6.430000,3.994269E+2
6.440000,3.968503E+2
6.450000,4.032917E+2
6.460000,3.927873E+2
6.470000,4.037872E+2
6.480000,3.949674E+2
6.490000,4.030935E+2
6.500000,3.940755E+2
6.510000,3.930846E+2
6.520000,3.949674E+2
6.530000,4.011116E+2
6.540000,3.900125E+2
6.550000,4.005170E+2
6.560000,3.956611E+2
6.570000,4.020035E+2
6.580000,3.957602E+2
6.590000,4.023008E+2
6.600000,3.982377E+2
6.610000,4.030935E+2
6.620000,3.981386E+2
6.630000,4.023999E+2
6.640000,3.951656E+2
6.650000,4.043818E+2
6.660000,3.946701E+2
6.670000,4.008143E+2
6.680000,3.978413E+2
6.690000,4.006161E+2
6.700000,3.937782E+2
6.710000,4.019044E+2
6.720000,3.978413E+2
6.730000,4.047782E+2
6.740000,3.938773E+2
6.750000,4.048773E+2
6.760000,3.944719E+2
6.770000,4.039854E+2
6.780000,3.990305E+2
6.790000,4.034899E+2
6.800000,3.949674E+2
6.810000,4.051746E+2
6.820000,3.977422E+2
6.830000,4.009134E+2
6.840000,3.983368E+2
6.850000,4.019044E+2
6.860000,3.977422E+2
6.870000,4.017062E+2
6.880000,3.946701E+2
6.890000,4.053728E+2
6.900000,3.988323E+2
6.910000,4.012107E+2
6.920000,3.956611E+2
6.930000,4.032917E+2
6.940000,3.979404E+2
6.950000,4.047782E+2
6.960000,3.950665E+2
6.970000,4.043818E+2
6.980000,3.973458E+2
6.990000,4.005170E+2
7.000000,3.979404E+2
7.010000,4.018053E+2
7.020000,3.957602E+2
7.030000,4.022017E+2
7.040000,3.988323E+2
7.050000,4.031926E+2
7.060000,3.959584E+2
7.070000,4.055710E+2
7.080000,3.945710E+2
7.090000,4.062647E+2
7.100000,3.971476E+2
7.110000,4.026972E+2
7.120000,3.979404E+2
7.130000,4.039854E+2
7.140000,3.973458E+2
7.150000,4.039854E+2
7.160000,3.953638E+2
7.170000,4.051746E+2
7.180000,3.945710E+2
7.190000,4.031926E+2
7.200000,3.948683E+2
7.210000,4.033908E+2
7.220000,3.964539E+2
7.230000,4.051746E+2
7.240000,3.959584E+2
7.250000,4.054719E+2
7.260000,3.972467E+2
7.270000,4.022017E+2
7.280000,3.970485E+2
7.290000,4.019044E+2
7.300000,3.986341E+2
7.310000,4.039854E+2
7.320000,3.948683E+2
7.330000,4.018053E+2
7.340000,3.941746E+2
7.350000,4.011116E+2
7.360000,4.003188E+2
7.370000,4.015080E+2
7.380000,3.982377E+2
7.390000,4.016071E+2
7.400000,3.948683E+2
7.410000,4.049764E+2
7.420000,3.952647E+2
7.430000,4.027963E+2
7.440000,3.972467E+2
7.450000,4.006161E+2
7.460000,3.980395E+2
7.470000,4.033908E+2
7.480000,3.995260E+2
7.490000,4.036881E+2
7.500000,3.956611E+2
7.510000,4.030935E+2
7.520000,3.985350E+2
7.530000,4.041836E+2
7.540000,3.975440E+2
7.550000,4.012107E+2
7.560000,3.952647E+2
7.570000,4.020035E+2
7.580000,3.989314E+2
7.590000,4.014089E+2
7.600000,3.959584E+2
7.610000,4.004179E+2
7.620000,3.976431E+2
7.630000,4.011116E+2
7.640000,3.981386E+2
7.650000,4.028954E+2
7.660000,3.983368E+2
7.670000,4.028954E+2
7.680000,3.947692E+2
7.690000,4.047782E+2
7.700000,3.979404E+2
7.710000,4.034899E+2
7.720000,3.980395E+2
7.730000,4.015080E+2
7.740000,3.989314E+2
7.750000,4.035890E+2
7.760000,3.950665E+2
7.770000,4.016071E+2
7.780000,3.951656E+2
7.790000,4.035890E+2
7.800000,3.940755E+2
7.810000,4.018053E+2
7.820000,3.950665E+2
7.830000,4.027963E+2
7.840000,3.972467E+2
7.850000,4.018053E+2
7.860000,3.978413E+2
7.870000,3.995260E+2
7.880000,3.954629E+2
7.890000,4.001206E+2
7.900000,3.965530E+2
7.910000,3.974449E+2
7.920000,3.965530E+2
7.930000,3.996251E+2
7.940000,3.952647E+2
7.950000,4.026972E+2
7.960000,3.984359E+2
7.970000,4.033908E+2
7.980000,3.976431E+2
7.990000,4.016071E+2
8.000000,3.968503E+2
8.010000,4.044809E+2
8.020000,3.959584E+2
8.030000,4.016071E+2
8.040000,3.963548E+2
8.050000,4.026972E+2
8.060000,3.982377E+2
8.070000,4.036881E+2
8.080000,3.968503E+2
8.090000,4.023999E+2
8.100000,3.959584E+2
8.110000,4.006161E+2
8.120000,3.956611E+2
8.130000,4.005170E+2
8.140000,3.963548E+2
8.150000,3.998233E+2
8.160000,3.948683E+2
8.170000,4.021026E+2
8.180000,3.954629E+2
8.190000,4.031926E+2
8.200000,3.940755E+2
8.210000,4.007152E+2
8.220000,3.941746E+2
8.230000,4.023008E+2
8.240000,3.981386E+2
8.250000,4.019044E+2
8.260000,3.987332E+2
8.270000,4.021026E+2
8.280000,3.948683E+2
8.290000,4.023999E+2
8.300000,3.979404E+2
8.310000,3.988323E+2
8.320000,3.967512E+2
8.330000,3.978413E+2
8.340000,3.966521E+2
8.350000,4.003188E+2
8.360000,3.943728E+2
8.370000,3.999224E+2
8.380000,3.977422E+2
8.390000,3.963548E+2
8.400000,3.943728E+2
8.410000,3.999224E+2
8.420000,3.957602E+2
8.430000,3.992287E+2
8.440000,3.932827E+2
8.450000,4.023008E+2
8.460000,3.899134E+2
8.470000,3.976431E+2
8.480000,3.938773E+2
8.490000,3.980395E+2
8.500000,3.977422E+2
8.510000,4.038863E+2
8.520000,3.941746E+2
8.530000,3.976431E+2
8.540000,3.979404E+2
8.550000,3.957602E+2
8.560000,3.915981E+2
8.570000,3.965530E+2
8.580000,3.948683E+2
8.590000,4.007152E+2
8.600000,3.946701E+2
8.610000,3.969494E+2
8.620000,3.912017E+2
8.630000,4.008143E+2
8.640000,3.960575E+2
8.650000,4.004179E+2
8.660000,3.962557E+2
8.670000,3.954629E+2
8.680000,3.925891E+2
8.690000,3.968503E+2
8.700000,3.957602E+2
8.710000,3.980395E+2
8.720000,3.942737E+2
8.730000,3.968503E+2
8.740000,3.935800E+2
8.750000,4.004179E+2
8.760000,3.956611E+2
8.770000,4.013098E+2
8.780000,3.940755E+2
8.790000,3.999224E+2
8.800000,3.962557E+2
8.810000,3.968503E+2
8.820000,3.964539E+2
8.830000,3.975440E+2
8.840000,3.955620E+2
8.850000,3.986341E+2
8.860000,3.956611E+2
8.870000,3.994269E+2
8.880000,3.958593E+2
8.890000,3.995260E+2
8.900000,3.935800E+2
8.910000,3.962557E+2
8.920000,3.910035E+2
8.930000,3.986341E+2
8.940000,3.948683E+2
8.950000,3.981386E+2
8.960000,3.954629E+2
8.970000,3.997242E+2
8.980000,3.941746E+2
8.990000,3.982377E+2
9.000000,3.975440E+2
9.010000,3.979404E+2
9.020000,3.952647E+2
9.030000,4.001206E+2
9.040000,3.933818E+2
9.050000,3.986341E+2
9.060000,3.931837E+2
9.070000,3.975440E+2
9.080000,3.925891E+2
9.090000,3.984359E+2
9.100000,3.929855E+2
9.110000,3.963548E+2
9.120000,3.942737E+2
9.130000,3.991296E+2
9.140000,3.953638E+2
9.150000,3.971476E+2
9.160000,3.925891E+2
9.170000,3.957602E+2
9.180000,3.946701E+2
9.190000,3.952647E+2
9.200000,3.923909E+2
9.210000,3.973458E+2
9.220000,3.898143E+2
9.230000,3.961566E+2
9.240000,3.915981E+2
9.250000,3.950665E+2
9.260000,3.950665E+2
9.270000,3.957602E+2
9.280000,3.948683E+2
9.290000,3.963548E+2
9.300000,3.926882E+2
9.310000,3.984359E+2
9.320000,3.919945E+2
9.330000,3.975440E+2
9.340000,3.920936E+2
9.350000,3.954629E+2
9.360000,3.909044E+2
9.370000,3.944719E+2
9.380000,3.941746E+2
9.390000,3.963548E+2
9.400000,3.919945E+2
9.410000,3.948683E+2
9.420000,3.925891E+2
9.430000,3.976431E+2
9.440000,3.907062E+2
9.450000,3.938773E+2
9.460000,3.913999E+2
9.470000,3.960575E+2
9.480000,3.904089E+2
9.490000,3.964539E+2
9.500000,3.935800E+2
9.510000,3.971476E+2
9.520000,3.912017E+2
9.530000,3.948683E+2
9.540000,3.927873E+2
9.550000,3.952647E+2
9.560000,3.923909E+2
9.570000,3.964539E+2
9.580000,3.908053E+2
9.590000,3.966521E+2
9.600000,3.914990E+2
9.610000,3.934809E+2
9.620000,3.912017E+2
9.630000,3.935800E+2
9.640000,3.927873E+2
9.650000,3.944719E+2
9.660000,3.894179E+2
9.670000,3.966521E+2
9.680000,3.889224E+2
9.690000,3.956611E+2
9.700000,3.917963E+2
9.710000,3.943728E+2
9.720000,3.939764E+2
9.730000,3.951656E+2
9.740000,3.908053E+2
9.750000,3.960575E+2
9.760000,3.916972E+2
9.770000,3.943728E+2
9.780000,3.884269E+2
9.790000,3.942737E+2
9.800000,3.889224E+2
9.810000,3.963548E+2
9.820000,3.922918E+2
9.830000,3.926882E+2
9.840000,3.899134E+2
9.850000,3.941746E+2
9.860000,3.930846E+2
9.870000,3.948683E+2
9.880000,3.911026E+2
9.890000,3.941746E+2
9.900000,3.906071E+2
9.910000,3.936791E+2
9.920000,3.911026E+2
9.930000,3.951656E+2
9.940000,3.886251E+2
9.950000,3.912017E+2
9.960000,3.925891E+2
9.970000,3.942737E+2
9.980000,3.912017E+2
9.990000,3.906071E+2
10.000000,3.906071E+2
10.010000,3.942737E+2
10.020000,3.911026E+2
10.030000,3.949674E+2
10.040000,3.915981E+2
10.050000,3.920936E+2
10.060000,3.915981E+2
10.070000,3.927873E+2
10.080000,3.887242E+2
10.090000,3.939764E+2
10.100000,3.891206E+2
10.110000,3.937782E+2
10.120000,3.899134E+2
10.130000,3.928864E+2
10.140000,3.901116E+2
10.150000,3.939764E+2
10.160000,3.885260E+2
10.170000,3.924900E+2
10.180000,3.919945E+2
10.190000,3.936791E+2
10.200000,3.895170E+2
10.210000,3.951656E+2
10.220000,3.890215E+2
10.230000,3.941746E+2
10.240000,3.913999E+2
10.250000,3.929855E+2
10.260000,3.915981E+2
10.270000,3.932827E+2
10.280000,3.883278E+2
10.290000,3.939764E+2
10.300000,3.911026E+2
10.310000,3.952647E+2
10.320000,3.876341E+2
10.330000,3.905080E+2
10.340000,3.885260E+2
10.350000,3.917963E+2
10.360000,3.905080E+2
10.370000,3.920936E+2
10.380000,3.881296E+2
10.390000,3.934809E+2
10.400000,3.884269E+2
10.410000,3.946701E+2
10.420000,3.902107E+2
10.430000,3.937782E+2
10.440000,3.876341E+2
10.450000,3.940755E+2
10.460000,3.904089E+2
10.470000,3.939764E+2
10.480000,3.885260E+2
10.490000,3.937782E+2
10.500000,3.893188E+2
10.510000,3.928864E+2
10.520000,3.911026E+2
10.530000,3.941746E+2
10.540000,3.899134E+2
10.550000,3.907062E+2
10.560000,3.892197E+2
10.570000,3.924900E+2
10.580000,3.905080E+2
10.590000,3.941746E+2
10.600000,3.904089E+2
10.610000,3.909044E+2
10.620000,3.911026E+2
10.630000,3.913999E+2
10.640000,3.902107E+2
10.650000,3.908053E+2
10.660000,3.874359E+2
10.670000,3.912017E+2
10.680000,3.885260E+2
10.690000,3.932827E+2
10.700000,3.910035E+2
10.710000,3.909044E+2
10.720000,3.873368E+2
10.730000,3.924900E+2
10.740000,3.907062E+2
10.750000,3.926882E+2
10.760000,3.891206E+2
10.770000,3.920936E+2
10.780000,3.909044E+2
10.790000,3.922918E+2
10.800000,3.909044E+2
10.810000,3.947692E+2
10.820000,3.877332E+2
10.830000,3.938773E+2
10.840000,3.895170E+2
10.850000,3.911026E+2
10.860000,3.900125E+2
10.870000,3.913999E+2
10.880000,3.890215E+2
10.890000,3.900125E+2
10.900000,3.907062E+2
10.910000,3.929855E+2
10.920000,3.872377E+2
10.930000,3.911026E+2
10.940000,3.891206E+2
10.950000,3.919945E+2
10.960000,3.895170E+2
10.970000,3.910035E+2
10.980000,3.879314E+2
10.990000,3.934809E+2
11.000000,3.889224E+2
11.010000,3.906071E+2
11.020000,3.875350E+2
11.030000,3.912017E+2
11.040000,3.919945E+2
11.050000,3.919945E+2
11.060000,3.913999E+2
11.070000,3.950665E+2
11.080000,3.912017E+2
11.090000,3.925891E+2
11.100000,3.902107E+2
11.110000,3.918954E+2
11.120000,3.913008E+2
11.130000,3.923909E+2
11.140000,3.872377E+2
11.150000,3.943728E+2
11.160000,3.905080E+2
11.170000,3.901116E+2
11.180000,3.881296E+2
11.190000,3.947692E+2
11.200000,3.896161E+2
11.210000,3.926882E+2
11.220000,3.892197E+2
11.230000,3.937782E+2
11.240000,3.869404E+2
11.250000,3.902107E+2
11.260000,3.899134E+2
11.270000,3.925891E+2
11.280000,3.880305E+2
11.290000,3.906071E+2
11.300000,3.911026E+2
11.310000,3.897152E+2
11.320000,3.914990E+2
11.330000,3.908053E+2
11.340000,3.901116E+2
11.350000,3.922918E+2
11.360000,3.902107E+2
11.370000,3.923909E+2
11.380000,3.898143E+2
11.390000,3.922918E+2
11.400000,3.897152E+2
11.410000,3.920936E+2
11.420000,3.868413E+2
11.430000,3.900125E+2
11.440000,3.884269E+2
11.450000,3.895170E+2
11.460000,3.893188E+2
11.470000,3.958593E+2
11.480000,3.889224E+2
11.490000,3.941746E+2
11.500000,3.893188E+2
11.510000,3.900125E+2
11.520000,3.876341E+2
11.530000,3.907062E+2
11.540000,3.916972E+2
11.550000,3.920936E+2
11.560000,3.912017E+2
11.570000,3.924900E+2
11.580000,3.894179E+2
11.590000,3.896161E+2
11.600000,3.887242E+2
11.610000,3.911026E+2
11.620000,3.906071E+2
11.630000,3.935800E+2
11.640000,3.899134E+2
11.650000,3.899134E+2
11.660000,3.890215E+2
11.670000,3.900125E+2
11.680000,3.886251E+2
11.690000,3.925891E+2
11.700000,3.892197E+2
11.710000,3.916972E+2
11.720000,3.901116E+2
11.730000,3.915981E+2
11.740000,3.908053E+2
11.750000,3.899134E+2
11.760000,3.884269E+2
11.770000,3.923909E+2
11.780000,3.896161E+2
11.790000,3.913999E+2
11.800000,3.890215E+2
11.810000,3.919945E+2
11.820000,3.913999E+2
11.830000,3.909044E+2
11.840000,3.873368E+2
11.850000,3.912017E+2
11.860000,3.903098E+2
11.870000,3.938773E+2
11.880000,3.888233E+2
11.890000,3.932827E+2
11.900000,3.914990E+2
11.910000,3.931837E+2
11.920000,3.882287E+2
11.930000,3.909044E+2
11.940000,3.884269E+2
11.950000,3.913008E+2
11.960000,3.889224E+2
11.970000,3.909044E+2
11.980000,3.893188E+2
11.990000,3.912017E+2
12.000000,3.878323E+2
12.010000,3.911026E+2
12.020000,3.889224E+2
12.030000,3.930846E+2
12.040000,3.903098E+2
12.050000,3.918954E+2
12.060000,3.873368E+2
12.070000,3.921927E+2
12.080000,3.885260E+2
12.090000,3.916972E+2
12.100000,3.894179E+2
12.110000,3.920936E+2
12.120000,3.911026E+2
12.130000,3.907062E+2
12.140000,3.922918E+2
12.150000,3.930846E+2
12.160000,3.890215E+2
12.170000,3.906071E+2
12.180000,3.897152E+2
12.190000,3.931837E+2
12.200000,3.900125E+2
12.210000,3.935800E+2
12.220000,3.921927E+2
12.230000,3.897152E+2
12.240000,3.894179E+2
12.250000,3.902107E+2
12.260000,3.900125E+2
12.270000,3.913999E+2
12.280000,3.881296E+2
12.290000,3.925891E+2
12.300000,3.891206E+2
12.310000,3.890215E+2
12.320000,3.901116E+2
12.330000,3.946701E+2
12.340000,3.871386E+2
12.350000,3.927873E+2
12.360000,3.872377E+2
12.370000,3.914990E+2
12.380000,3.906071E+2
12.390000,3.940755E+2
12.400000,3.882287E+2
12.410000,3.940755E+2
12.420000,3.877332E+2
12.430000,3.913999E+2
12.440000,3.875350E+2
12.450000,3.901116E+2
12.460000,3.889224E+2
12.470000,3.926882E+2
12.480000,3.890215E+2
12.490000,3.924900E+2
12.500000,3.885260E+2
12.510000,3.935800E+2
12.520000,3.875350E+2
12.530000,3.917963E+2
12.540000,3.880305E+2
12.550000,3.941746E+2
12.560000,3.919945E+2
12.570000,3.921927E+2
12.580000,3.900125E+2
12.590000,3.904089E+2
12.600000,3.874359E+2
12.610000,3.941746E+2
12.620000,3.897152E+2
12.630000,3.928864E+2
12.640000,3.916972E+2
12.650000,3.926882E+2
12.660000,3.905080E+2
12.670000,3.909044E+2
12.680000,3.896161E+2
12.690000,3.905080E+2
12.700000,3.910035E+2
12.710000,3.897152E+2
12.720000,3.883278E+2
12.730000,3.920936E+2
12.740000,3.902107E+2
12.750000,3.913008E+2
12.760000,3.895170E+2
12.770000,3.922918E+2
12.780000,3.890215E+2
12.790000,3.915981E+2
12.800000,3.917963E+2
12.810000,3.925891E+2
12.820000,3.902107E+2
12.830000,3.946701E+2
12.840000,3.885260E+2
12.850000,3.928864E+2
12.860000,3.895170E+2
12.870000,3.914990E+2
12.880000,3.902107E+2
12.890000,3.923909E+2
12.900000,3.905080E+2
12.910000,3.916972E+2
12.920000,3.884269E+2
12.930000,3.900125E+2
12.940000,3.915981E+2
12.950000,3.907062E+2
12.960000,3.892197E+2
12.970000,3.908053E+2
12.980000,3.885260E+2
12.990000,3.903098E+2
13.000000,3.871386E+2
13.010000,3.925891E+2
13.020000,3.903098E+2
13.030000,3.928864E+2
13.040000,3.918954E+2
13.050000,3.940755E+2
13.060000,3.914990E+2
13.070000,3.932827E+2
13.080000,3.880305E+2
13.090000,3.940755E+2
13.100000,3.902107E+2
13.110000,3.905080E+2
13.120000,3.909044E+2
13.130000,3.911026E+2
13.140000,3.909044E+2
13.150000,3.927873E+2
13.160000,3.909044E+2
13.170000,3.901116E+2
13.180000,3.902107E+2
13.190000,3.929855E+2
13.200000,3.886251E+2
13.210000,3.902107E+2
13.220000,3.923909E+2
13.230000,3.924900E+2
13.240000,3.876341E+2
13.250000,3.896161E+2
13.260000,3.875350E+2
13.270000,3.915981E+2
13.280000,3.883278E+2
13.290000,3.924900E+2
13.300000,3.897152E+2
13.310000,3.902107E+2
13.320000,3.917963E+2
13.330000,3.926882E+2
13.340000,3.885260E+2
13.350000,3.912017E+2
13.360000,3.904089E+2
13.370000,3.939764E+2
13.380000,3.886251E+2
13.390000,3.942737E+2
13.400000,3.873368E+2
13.410000,3.953638E+2
13.420000,3.917963E+2
13.430000,3.947692E+2
13.440000,3.879314E+2
13.450000,3.915981E+2
13.460000,3.906071E+2
13.470000,3.952647E+2
13.480000,3.937782E+2
13.490000,3.947692E+2
13.500000,3.881296E+2
13.510000,3.914990E+2
13.520000,3.882287E+2
13.530000,3.902107E+2
13.540000,3.886251E+2
13.550000,3.946701E+2
13.560000,3.876341E+2
13.570000,3.940755E+2
13.580000,3.877332E+2
13.590000,3.909044E+2
13.600000,3.902107E+2
13.610000,3.919945E+2
13.620000,3.887242E+2
13.630000,3.956611E+2
13.640000,3.878323E+2
13.650000,3.910035E+2
13.660000,3.909044E+2
13.670000,3.911026E+2
13.680000,3.902107E+2
13.690000,3.934809E+2
13.700000,3.882287E+2
13.710000,3.930846E+2
13.720000,3.916972E+2
13.730000,3.945710E+2
13.740000,3.880305E+2
13.750000,3.958593E+2
13.760000,3.883278E+2
13.770000,3.922918E+2
13.780000,3.903098E+2
13.790000,3.898143E+2
13.800000,3.921927E+2
13.810000,3.923909E+2
13.820000,3.886251E+2
13.830000,3.933818E+2
13.840000,3.899134E+2
13.850000,3.931837E+2
13.860000,3.893188E+2
13.870000,3.940755E+2
13.880000,3.895170E+2
13.890000,3.955620E+2
13.900000,3.915981E+2
13.910000,3.920936E+2
13.920000,3.905080E+2
13.930000,3.904089E+2
13.940000,3.914990E+2
13.950000,3.906071E+2
13.960000,3.901116E+2
13.970000,3.921927E+2
13.980000,3.902107E+2
13.990000,3.930846E+2
14.000000,3.893188E+2
14.010000,3.907062E+2
14.020000,3.917963E+2
14.030000,3.925891E+2
14.040000,3.917963E+2
14.050000,3.927873E+2
14.060000,3.890215E+2
14.070000,3.943728E+2
14.080000,3.909044E+2
14.090000,3.934809E+2
14.100000,3.913008E+2
14.110000,3.950665E+2
14.120000,3.873368E+2
14.130000,3.915981E+2
14.140000,3.913999E+2
14.150000,3.935800E+2
14.160000,3.907062E+2
14.170000,3.938773E+2
14.180000,3.912017E+2
14.190000,3.932827E+2
14.200000,3.889224E+2
14.210000,3.920936E+2
14.220000,3.883278E+2
14.230000,3.905080E+2
14.240000,3.909044E+2
14.250000,3.930846E+2
14.260000,3.912017E+2
14.270000,3.910035E+2
14.280000,3.920936E+2
14.290000,3.915981E+2
14.300000,3.879314E+2
14.310000,3.925891E+2
14.320000,3.898143E+2
14.330000,3.915981E+2
14.340000,3.897152E+2
14.350000,3.916972E+2
14.360000,3.913008E+2
14.370000,3.913008E+2
14.380000,3.886251E+2
14.390000,3.931837E+2
14.400000,3.883278E+2
14.410000,3.912017E+2
14.420000,3.899134E+2
14.430000,3.945710E+2
14.440000,3.898143E+2
14.450000,3.936791E+2
14.460000,3.899134E+2
14.470000,3.926882E+2
14.480000,3.871386E+2
14.490000,3.959584E+2
14.500000,3.924900E+2
14.510000,3.927873E+2
14.520000,3.913999E+2
14.530000,3.943728E+2
14.540000,3.872377E+2
14.550000,3.943728E+2
14.560000,3.886251E+2
14.570000,3.937782E+2
14.580000,3.893188E+2
14.590000,3.925891E+2
14.600000,3.891206E+2
14.610000,3.933818E+2
14.620000,3.899134E+2
14.630000,3.942737E+2
14.640000,3.892197E+2
14.650000,3.917963E+2
14.660000,3.901116E+2
14.670000,3.915981E+2
14.680000,3.886251E+2
14.690000,3.907062E+2
14.700000,3.919945E+2
14.710000,3.932827E+2
14.720000,3.892197E+2
14.730000,3.946701E+2
14.740000,3.909044E+2
14.750000,3.907062E+2
14.760000,3.883278E+2
14.770000,3.925891E+2
14.780000,3.896161E+2
14.790000,3.955620E+2
14.800000,3.914990E+2
14.810000,3.917963E+2
14.820000,3.883278E+2
14.830000,3.915981E+2
14.840000,3.876341E+2
14.850000,3.934809E+2
14.860000,3.880305E+2
14.870000,3.932827E+2
14.880000,3.892197E+2
14.890000,3.954629E+2
14.900000,3.913008E+2
14.910000,3.919945E+2
14.920000,3.885260E+2
14.930000,3.943728E+2
14.940000,3.885260E+2
14.950000,3.929855E+2
14.960000,3.893188E+2
14.970000,3.947692E+2
14.980000,3.888233E+2
14.990000,3.931837E+2
15.000000,3.910035E+2
15.010000,3.919945E+2
15.020000,3.909044E+2
15.030000,3.951656E+2
15.040000,3.888233E+2
15.050000,3.953638E+2
15.060000,3.927873E+2
15.070000,3.943728E+2
15.080000,3.919945E+2
15.090000,3.917963E+2
15.100000,3.931837E+2
15.110000,3.930846E+2
15.120000,3.932827E+2
15.130000,3.919945E+2
15.140000,3.923909E+2
15.150000,3.915981E+2
15.160000,3.900125E+2
15.170000,3.941746E+2
15.180000,3.924900E+2
15.190000,3.936791E+2
15.200000,3.923909E+2
15.210000,3.937782E+2
15.220000,3.925891E+2
15.230000,3.938773E+2
15.240000,3.922918E+2
15.250000,3.930846E+2
15.260000,3.889224E+2
15.270000,3.926882E+2
15.280000,3.916972E+2
15.290000,3.944719E+2
15.300000,3.927873E+2
15.310000,3.916972E+2
15.320000,3.912017E+2
15.330000,3.932827E+2
15.340000,3.892197E+2
15.350000,3.927873E+2
15.360000,3.877332E+2
15.370000,3.920936E+2
15.380000,3.910035E+2
15.390000,3.957602E+2
15.400000,3.913008E+2
15.410000,3.926882E+2
15.420000,3.904089E+2
15.430000,3.949674E+2
15.440000,3.896161E+2
15.450000,3.960575E+2
15.460000,3.911026E+2
15.470000,3.928864E+2
15.480000,3.902107E+2
15.490000,3.914990E+2
15.500000,3.909044E+2
15.510000,3.932827E+2
15.520000,3.889224E+2
15.530000,3.970485E+2
15.540000,3.935800E+2
15.550000,3.935800E+2
15.560000,3.902107E+2
15.570000,3.934809E+2
15.580000,3.907062E+2
15.590000,3.965530E+2
15.600000,3.903098E+2
15.610000,3.954629E+2
15.620000,3.895170E+2
15.630000,3.955620E+2
15.640000,3.927873E+2
15.650000,3.955620E+2
15.660000,3.893188E+2
15.670000,3.938773E+2
15.680000,3.893188E+2
15.690000,3.967512E+2
15.700000,3.928864E+2
15.710000,3.931837E+2
15.720000,3.922918E+2
15.730000,3.947692E+2
15.740000,3.927873E+2
15.750000,3.939764E+2
15.760000,3.896161E+2
15.770000,3.942737E+2
15.780000,3.902107E+2
15.790000,3.944719E+2
15.800000,3.902107E+2
15.810000,3.963548E+2
15.820000,3.914990E+2
15.830000,3.937782E+2
15.840000,3.892197E+2
15.850000,3.940755E+2
15.860000,3.933818E+2
15.870000,3.980395E+2
15.880000,3.932827E+2
15.890000,3.935800E+2
15.900000,3.925891E+2
15.910000,3.944719E+2
15.920000,3.900125E+2
15.930000,3.961566E+2
15.940000,3.900125E+2
15.950000,3.944719E+2
15.960000,3.912017E+2
15.970000,3.922918E+2
15.980000,3.908053E+2
15.990000,3.964539E+2
16.000000,3.924900E+2
16.010000,3.972467E+2
16.020000,3.918954E+2
16.030000,3.926882E+2
16.040000,3.932827E+2
16.050000,3.920936E+2
16.060000,3.926882E+2
16.070000,3.930846E+2
16.080000,3.926882E+2
16.090000,3.954629E+2
16.100000,3.889224E+2
16.110000,3.957602E+2
16.120000,3.922918E+2
16.130000,3.951656E+2
16.140000,3.914990E+2
16.150000,3.941746E+2
16.160000,3.924900E+2
16.170000,3.922918E+2
16.180000,3.892197E+2
16.190000,3.924900E+2
16.200000,3.926882E+2
16.210000,3.952647E+2
16.220000,3.972467E+2
16.230000,3.931837E+2
16.240000,3.920936E+2
16.250000,3.928864E+2
16.260000,3.900125E+2
16.270000,3.921927E+2
16.280000,3.920936E+2
16.290000,3.952647E+2
16.300000,3.928864E+2
16.310000,3.934809E+2
16.320000,3.899134E+2
16.330000,3.931837E+2
16.340000,3.924900E+2
16.350000,3.952647E+2
16.360000,3.924900E+2
16.370000,3.943728E+2
16.380000,3.912017E+2
16.390000,3.923909E+2
16.400000,3.941746E+2
16.410000,3.924900E+2
16.420000,3.929855E+2
16.430000,3.939764E+2
16.440000,3.909044E+2
16.450000,3.965530E+2
16.460000,3.928864E+2
16.470000,3.944719E+2
16.480000,3.936791E+2
16.490000,3.956611E+2
16.500000,3.940755E+2
16.510000,3.962557E+2
16.520000,3.948683E+2
16.530000,3.964539E+2
16.540000,3.943728E+2
16.550000,3.931837E+2
16.560000,3.934809E+2
16.570000,3.949674E+2
16.580000,3.915981E+2
16.590000,3.948683E+2
16.600000,3.916972E+2
16.610000,3.952647E+2
16.620000,3.969494E+2
16.630000,3.960575E+2
16.640000,3.953638E+2
16.650000,3.955620E+2
16.660000,3.946701E+2
16.670000,3.951656E+2
16.680000,3.957602E+2
16.690000,3.993278E+2
16.700000,3.928864E+2
16.710000,4.004179E+2
16.720000,3.937782E+2
16.730000,3.979404E+2
16.740000,3.953638E+2
16.750000,3.970485E+2
16.760000,3.944719E+2
16.770000,3.989314E+2
16.780000,3.936791E+2
16.790000,3.991296E+2
16.800000,3.977422E+2
16.810000,3.977422E+2
16.820000,3.971476E+2
16.830000,3.972467E+2
16.840000,3.957602E+2
16.850000,3.992287E+2
16.860000,3.912017E+2
16.870000,3.982377E+2
16.880000,3.973458E+2
16.890000,3.988323E+2
16.900000,3.955620E+2
16.910000,3.981386E+2
16.920000,3.951656E+2
16.930000,3.963548E+2
16.940000,3.970485E+2
16.950000,4.008143E+2
16.960000,3.939764E+2
16.970000,3.991296E+2
16.980000,3.948683E+2
16.990000,3.994269E+2
17.000000,3.954629E+2
17.010000,3.999224E+2
17.020000,3.909044E+2
17.030000,3.988323E+2
17.040000,3.963548E+2
17.050000,3.968503E+2
17.060000,3.955620E+2
17.070000,3.988323E+2
17.080000,3.931837E+2
17.090000,3.991296E+2
17.100000,3.954629E+2
17.110000,3.987332E+2
17.120000,3.930846E+2
17.130000,3.968503E+2
17.140000,3.979404E+2
17.150000,4.005170E+2
17.160000,3.938773E+2
17.170000,3.987332E+2
17.180000,3.980395E+2
17.190000,3.988323E+2
17.200000,3.957602E+2
17.210000,3.985350E+2
17.220000,3.930846E+2
17.230000,4.013098E+2
17.240000,3.983368E+2
17.250000,4.005170E+2
17.260000,3.965530E+2
17.270000,3.979404E+2
17.280000,3.954629E+2
17.290000,4.014089E+2
17.300000,3.956611E+2
17.310000,4.005170E+2
17.320000,3.959584E+2
17.330000,3.977422E+2
17.340000,3.984359E+2
17.350000,4.023999E+2
17.360000,3.940755E+2
17.370000,4.006161E+2
17.380000,3.967512E+2
17.390000,3.989314E+2
17.400000,3.959584E+2
17.410000,4.021026E+2
17.420000,3.968503E+2
17.430000,3.970485E+2
17.440000,3.960575E+2
17.450000,4.004179E+2
17.460000,3.951656E+2
17.470000,3.984359E+2
17.480000,3.974449E+2
17.490000,4.007152E+2
17.500000,3.975440E+2
17.510000,4.020035E+2
17.520000,3.962557E+2
17.530000,3.977422E+2
17.540000,3.974449E+2
17.550000,3.990305E+2
17.560000,3.994269E+2
17.570000,4.018053E+2
17.580000,3.971476E+2
17.590000,3.993278E+2
17.600000,3.999224E+2
17.610000,4.004179E+2
17.620000,3.992287E+2
17.630000,4.021026E+2
17.640000,3.956611E+2
17.650000,4.004179E+2
17.660000,3.966521E+2
17.670000,4.027963E+2
17.680000,3.998233E+2
17.690000,4.036881E+2
17.700000,3.969494E+2
17.710000,4.006161E+2
17.720000,3.995260E+2
17.730000,4.003188E+2
17.740000,3.952647E+2
17.750000,4.034899E+2
17.760000,3.978413E+2
17.770000,3.994269E+2
17.780000,4.020035E+2
17.790000,4.006161E+2
17.800000,3.969494E+2
17.810000,4.032917E+2
17.820000,3.960575E+2
17.830000,4.032917E+2
17.840000,3.995260E+2
17.850000,3.997242E+2
17.860000,3.980395E+2
17.870000,4.012107E+2
17.880000,4.017062E+2
17.890000,4.015080E+2
17.900000,3.980395E+2
17.910000,4.032917E+2
17.920000,4.011116E+2
17.930000,4.035890E+2
17.940000,4.008143E+2
17.950000,3.997242E+2
17.960000,3.981386E+2
17.970000,4.035890E+2
17.980000,3.987332E+2
17.990000,4.000215E+2
18.000000,3.977422E+2
18.010000,4.015080E+2
18.020000,4.014089E+2
18.030000,4.015080E+2
18.040000,3.980395E+2
18.050000,4.023008E+2
18.060000,4.010125E+2
18.070000,4.021026E+2
18.080000,3.997242E+2
18.090000,4.047782E+2
18.100000,4.037872E+2
18.110000,4.041836E+2
18.120000,4.027963E+2
18.130000,4.016071E+2
18.140000,3.991296E+2
18.150000,4.032917E+2
18.160000,3.988323E+2
18.170000,4.010125E+2
18.180000,3.993278E+2
18.190000,4.048773E+2
18.200000,3.998233E+2
18.210000,4.023008E+2
18.220000,4.012107E+2
18.230000,4.034899E+2
18.240000,3.984359E+2
18.250000,4.017062E+2
18.260000,4.033908E+2
18.270000,4.031926E+2
18.280000,4.019044E+2
18.290000,4.011116E+2
18.300000,4.029944E+2
18.310000,4.014089E+2
18.320000,4.006161E+2
18.330000,4.050755E+2
18.340000,4.024990E+2
18.350000,4.045800E+2
18.360000,3.991296E+2
18.370000,4.010125E+2
18.380000,4.000215E+2
18.390000,4.034899E+2
18.400000,4.007152E+2
18.410000,4.011116E+2
18.420000,3.994269E+2
18.430000,4.060665E+2
18.440000,4.021026E+2
18.450000,4.038863E+2
18.460000,4.028954E+2
18.470000,4.051746E+2
18.480000,4.020035E+2
18.490000,4.051746E+2
18.500000,4.001206E+2
18.510000,4.029944E+2
18.520000,4.030935E+2
18.530000,4.019044E+2
18.540000,4.032917E+2
18.550000,4.054719E+2
18.560000,3.989314E+2
18.570000,4.060665E+2
18.580000,4.023008E+2
18.590000,4.015080E+2
18.600000,4.006161E+2
18.610000,4.056701E+2
18.620000,3.988323E+2
18.630000,4.023999E+2
18.640000,4.018053E+2
18.650000,4.025981E+2
18.660000,4.004179E+2
18.670000,4.057692E+2
18.680000,4.004179E+2
18.690000,4.061656E+2
18.700000,3.979404E+2
18.710000,4.016071E+2
18.720000,3.994269E+2
18.730000,4.055710E+2
18.740000,4.004179E+2
18.750000,4.043818E+2
18.760000,4.015080E+2
18.770000,4.010125E+2
18.780000,4.016071E+2
18.790000,4.016071E+2
18.800000,4.015080E+2
18.810000,4.044809E+2
18.820000,4.023008E+2
18.830000,4.021026E+2
18.840000,4.007152E+2
18.850000,4.047782E+2
18.860000,3.979404E+2
18.870000,4.008143E+2
18.880000,4.025981E+2
18.890000,4.032917E+2
18.900000,3.976431E+2
18.910000,4.006161E+2
18.920000,4.000215E+2
18.930000,4.016071E+2
18.940000,3.988323E+2
18.950000,4.049764E+2
18.960000,3.983368E+2
18.970000,4.056701E+2
18.980000,4.015080E+2
18.990000,4.047782E+2
19.000000,4.022017E+2
19.010000,4.044809E+2
19.020000,4.019044E+2
19.030000,4.034899E+2
19.040000,3.995260E+2
19.050000,4.042827E+2
19.060000,4.022017E+2
19.070000,4.049764E+2
19.080000,4.001206E+2
19.090000,4.050755E+2
19.100000,4.009134E+2
19.110000,4.001206E+2
19.120000,3.980395E+2
19.130000,4.042827E+2
19.140000,4.003188E+2
19.150000,4.026972E+2
19.160000,3.984359E+2
19.170000,4.007152E+2
19.180000,3.980395E+2
19.190000,4.009134E+2
19.200000,3.975440E+2
19.210000,4.049764E+2
19.220000,4.000215E+2
19.230000,4.018053E+2
19.240000,3.981386E+2
19.250000,3.998233E+2
19.260000,3.972467E+2
19.270000,4.016071E+2
19.280000,4.006161E+2
19.290000,3.998233E+2
19.300000,3.986341E+2
19.310000,4.016071E+2
19.320000,3.975440E+2
19.330000,4.004179E+2
19.340000,3.980395E+2
19.350000,4.017062E+2
19.360000,4.007152E+2
19.370000,4.029944E+2
19.380000,3.968503E+2
19.390000,4.027963E+2
19.400000,3.982377E+2
19.410000,4.045800E+2
19.420000,4.002197E+2
19.430000,3.992287E+2
19.440000,4.006161E+2
19.450000,4.004179E+2
19.460000,3.998233E+2
19.470000,4.011116E+2
19.480000,4.015080E+2
19.490000,4.000215E+2
19.500000,4.007152E+2
19.510000,4.027963E+2
19.520000,3.997242E+2
19.530000,4.005170E+2
19.540000,3.956611E+2
19.550000,4.023008E+2
19.560000,3.998233E+2
19.570000,4.019044E+2
19.580000,4.003188E+2
19.590000,4.033908E+2
19.600000,3.989314E+2
19.610000,4.012107E+2
19.620000,4.012107E+2
19.630000,4.003188E+2
19.640000,3.961566E+2
19.650000,3.996251E+2
19.660000,3.971476E+2
19.670000,4.018053E+2
19.680000,4.005170E+2
19.690000,3.991296E+2
19.700000,3.979404E+2
19.710000,4.003188E+2
19.720000,3.989314E+2
19.730000,4.026972E+2
19.740000,3.980395E+2
19.750000,3.983368E+2
19.760000,4.001206E+2
19.770000,4.019044E+2
19.780000,3.960575E+2
19.790000,4.013098E+2
19.800000,3.986341E+2
19.810000,4.025981E+2
19.820000,3.994269E+2
19.830000,4.023999E+2
19.840000,3.955620E+2
19.850000,4.029944E+2
19.860000,3.988323E+2
19.870000,4.025981E+2
19.880000,4.008143E+2
19.890000,4.000215E+2
19.900000,3.984359E+2
19.910000,4.018053E+2
19.920000,4.000215E+2
19.930000,4.003188E+2
19.940000,4.012107E+2
19.950000,4.021026E+2
19.960000,3.984359E+2
19.970000,4.002197E+2
19.980000,3.975440E+2
19.990000,3.997242E+2
20.000000,4.011116E+2
20.010000,4.000215E+2
20.020000,3.983368E+2
20.030000,4.007152E+2
20.040000,4.018053E+2
20.050000,3.994269E+2
20.060000,3.983368E+2
20.070000,4.020035E+2
20.080000,3.993278E+2
20.090000,4.025981E+2
20.100000,3.988323E+2
20.110000,4.011116E+2
20.120000,4.004179E+2
20.130000,4.028954E+2
20.140000,3.965530E+2
20.150000,4.031926E+2
20.160000,4.004179E+2
20.170000,3.997242E+2
20.180000,3.995260E+2
20.190000,3.998233E+2
20.200000,4.002197E+2
20.210000,4.031926E+2
20.220000,3.980395E+2
20.230000,4.041836E+2
20.240000,4.001206E+2
20.250000,3.982377E+2
20.260000,4.007152E+2
20.270000,4.017062E+2
20.280000,3.989314E+2
20.290000,4.000215E+2
20.300000,3.994269E+2
20.310000,4.009134E+2
20.320000,4.006161E+2
20.330000,3.986341E+2
20.340000,3.984359E+2
20.350000,4.003188E+2
20.360000,3.952647E+2
20.370000,4.005170E+2
20.380000,3.965530E+2
20.390000,3.970485E+2
20.400000,3.963548E+2
20.410000,3.973458E+2
20.420000,3.948683E+2
20.430000,3.978413E+2
20.440000,3.960575E+2
20.450000,3.971476E+2
20.460000,3.971476E+2
20.470000,3.980395E+2
20.480000,3.960575E+2
20.490000,3.981386E+2
20.500000,3.953638E+2
20.510000,3.994269E+2
20.520000,3.952647E+2
20.530000,3.985350E+2
20.540000,3.966521E+2
20.550000,3.983368E+2
20.560000,3.951656E+2
20.570000,3.964539E+2
20.580000,3.997242E+2
20.590000,3.968503E+2
20.600000,3.988323E+2
20.610000,3.981386E+2
20.620000,3.979404E+2
20.630000,3.991296E+2
20.640000,3.972467E+2
20.650000,3.989314E+2
20.660000,3.984359E+2
20.670000,3.964539E+2
20.680000,3.973458E+2
20.690000,4.003188E+2
20.700000,3.999224E+2
20.710000,3.972467E+2
20.720000,3.980395E+2
20.730000,3.968503E+2
20.740000,3.976431E+2
20.750000,3.964539E+2
20.760000,3.953638E+2
20.770000,3.959584E+2
20.780000,3.950665E+2
20.790000,3.957602E+2
20.800000,3.938773E+2
20.810000,3.940755E+2
20.820000,3.943728E+2
20.830000,3.974449E+2
20.840000,3.978413E+2
20.850000,3.943728E+2
20.860000,3.979404E+2
20.870000,3.959584E+2
20.880000,3.949674E+2
20.890000,3.954629E+2
20.900000,3.980395E+2
20.910000,3.942737E+2
20.920000,3.959584E+2
20.930000,3.956611E+2
20.940000,3.979404E+2
20.950000,3.956611E+2
20.960000,3.948683E+2
20.970000,3.945710E+2
20.980000,3.958593E+2
20.990000,3.964539E+2
21.000000,3.966521E+2
21.010000,3.964539E+2
21.020000,3.994269E+2
21.030000,3.959584E+2
21.040000,3.943728E+2
21.050000,3.968503E+2
21.060000,3.988323E+2
21.070000,3.952647E+2
21.080000,3.975440E+2
21.090000,3.965530E+2
21.100000,3.976431E+2
21.110000,3.969494E+2
21.120000,3.955620E+2
21.130000,3.965530E+2
21.140000,3.965530E+2
21.150000,3.966521E+2
21.160000,3.959584E+2
21.170000,3.937782E+2
21.180000,3.940755E+2
21.190000,3.949674E+2
21.200000,3.948683E+2
21.210000,3.938773E+2
21.220000,3.944719E+2
21.230000,3.969494E+2
21.240000,3.965530E+2
21.250000,3.960575E+2
21.260000,3.955620E+2
21.270000,3.971476E+2
21.280000,3.963548E+2
21.290000,3.938773E+2
21.300000,3.994269E+2
21.310000,3.974449E+2
21.320000,4.004179E+2
21.330000,3.980395E+2
21.340000,3.986341E+2
21.350000,3.987332E+2
21.360000,3.969494E+2
21.370000,3.970485E+2
21.380000,3.957602E+2
21.390000,3.978413E+2
21.400000,3.962557E+2
21.410000,3.979404E+2
21.420000,3.971476E+2
21.430000,3.936791E+2
21.440000,3.975440E+2
21.450000,3.953638E+2
21.460000,3.968503E+2
21.470000,3.972467E+2
21.480000,3.957602E+2
21.490000,3.962557E+2
21.500000,3.952647E+2
21.510000,3.981386E+2
21.520000,3.936791E+2
21.530000,3.950665E+2
21.540000,3.936791E+2
21.550000,3.949674E+2
21.560000,3.938773E+2
21.570000,3.924900E+2
21.580000,3.964539E+2
21.590000,3.948683E+2
21.600000,3.969494E+2
21.610000,3.931837E+2
21.620000,3.941746E+2
21.630000,3.968503E+2
21.640000,3.960575E+2
21.650000,3.956611E+2
21.660000,3.939764E+2
21.670000,3.925891E+2
21.680000,3.932827E+2
21.690000,3.945710E+2
21.700000,3.957602E+2
21.710000,3.973458E+2
21.720000,3.949674E+2
21.730000,3.931837E+2
21.740000,3.966521E+2
21.750000,3.916972E+2
21.760000,3.922918E+2
21.770000,3.931837E+2
21.780000,3.952647E+2
21.790000,3.913008E+2
21.800000,3.947692E+2
21.810000,3.937782E+2
21.820000,3.946701E+2
21.830000,3.958593E+2
21.840000,3.971476E+2
21.850000,3.944719E+2
21.860000,3.942737E+2
21.870000,3.934809E+2
21.880000,3.946701E+2
21.890000,3.946701E+2
21.900000,3.920936E+2
21.910000,3.954629E+2
21.920000,3.954629E+2
21.930000,3.938773E+2
21.940000,3.919945E+2
21.950000,3.955620E+2
21.960000,3.920936E+2
21.970000,3.963548E+2
21.980000,3.963548E+2
21.990000,3.912017E+2
22.000000,3.944719E+2
22.010000,3.916972E+2
22.020000,3.955620E+2
22.030000,3.948683E+2
22.040000,3.958593E+2
22.050000,3.931837E+2
22.060000,3.935800E+2
22.070000,3.920936E+2
22.080000,3.922918E+2
22.090000,3.910035E+2
22.100000,3.914990E+2
22.110000,3.929855E+2
22.120000,3.956611E+2
22.130000,3.917963E+2
22.140000,3.934809E+2
22.150000,3.906071E+2
22.160000,3.950665E+2
22.170000,3.918954E+2
22.180000,3.965530E+2
22.190000,3.938773E+2
22.200000,3.917963E+2
22.210000,3.907062E+2
22.220000,3.933818E+2
22.230000,3.949674E+2
22.240000,3.932827E+2
22.250000,3.925891E+2
22.260000,3.924900E+2
22.270000,3.906071E+2
22.280000,3.943728E+2
22.290000,3.943728E+2
22.300000,3.960575E+2
22.310000,3.910035E+2
22.320000,3.940755E+2
22.330000,3.928864E+2
22.340000,3.955620E+2
22.350000,3.913999E+2
22.360000,3.925891E+2
22.370000,3.917963E+2
22.380000,3.936791E+2
22.390000,3.902107E+2
22.400000,3.957602E+2
22.410000,3.916972E+2
22.420000,3.948683E+2
22.430000,3.938773E+2
22.440000,3.928864E+2
22.450000,3.907062E+2
22.460000,3.942737E+2
22.470000,3.918954E+2
22.480000,3.956611E+2
22.490000,3.899134E+2
22.500000,3.913008E+2
22.510000,3.938773E+2
22.520000,3.913999E+2
22.530000,3.945710E+2
22.540000,3.942737E+2
22.550000,3.941746E+2
22.560000,3.951656E+2
22.570000,3.931837E+2
22.580000,3.933818E+2
22.590000,3.932827E+2
22.600000,3.944719E+2
22.610000,3.940755E+2
22.620000,3.942737E+2
22.630000,3.925891E+2
22.640000,3.923909E+2
22.650000,3.941746E+2
22.660000,3.932827E+2
22.670000,3.924900E+2
22.680000,3.940755E+2
22.690000,3.908053E+2
22.700000,3.948683E+2
22.710000,3.901116E+2
22.720000,3.949674E+2
22.730000,3.924900E+2
22.740000,3.945710E+2
22.750000,3.931837E+2
22.760000,3.918954E+2
22.770000,3.940755E+2
22.780000,3.954629E+2
22.790000,3.929855E+2
22.800000,3.940755E+2
22.810000,3.933818E+2
22.820000,3.922918E+2
22.830000,3.918954E+2
22.840000,3.955620E+2
22.850000,3.903098E+2
22.860000,3.917963E+2
22.870000,3.931837E+2
22.880000,3.930846E+2
22.890000,3.938773E+2
22.900000,3.931837E+2
22.910000,3.913999E+2
22.920000,3.943728E+2
22.930000,3.932827E+2
22.940000,3.952647E+2
22.950000,3.940755E+2
22.960000,3.932827E+2
22.970000,3.909044E+2
22.980000,3.946701E+2
22.990000,3.925891E+2
23.000000,3.925891E+2
23.010000,3.916972E+2
23.020000,3.958593E+2
23.030000,3.934809E+2
23.040000,3.949674E+2
23.050000,3.946701E+2
23.060000,3.946701E+2
23.070000,3.907062E+2
23.080000,3.924900E+2
23.090000,3.928864E+2
23.100000,3.949674E+2
23.110000,3.954629E+2
23.120000,3.948683E+2
23.130000,3.928864E+2
23.140000,3.953638E+2
23.150000,3.919945E+2
23.160000,3.945710E+2
23.170000,3.933818E+2
23.180000,3.932827E+2
23.190000,3.946701E+2
23.200000,3.917963E+2
23.210000,3.940755E+2
23.220000,3.926882E+2
23.230000,3.937782E+2
23.240000,3.947692E+2
23.250000,3.927873E+2
23.260000,3.957602E+2
23.270000,3.922918E+2
23.280000,3.920936E+2
23.290000,3.935800E+2
23.300000,3.943728E+2
23.310000,3.936791E+2
23.320000,3.927873E+2
23.330000,3.913999E+2
23.340000,3.956611E+2
23.350000,3.912017E+2
23.360000,3.911026E+2
23.370000,3.899134E+2
23.380000,3.918954E+2
23.390000,3.939764E+2
23.400000,3.944719E+2
23.410000,3.925891E+2
23.420000,3.930846E+2
23.430000,3.932827E+2
23.440000,3.928864E+2
23.450000,3.906071E+2
23.460000,3.941746E+2
23.470000,3.944719E+2
23.480000,3.948683E+2
23.490000,3.932827E+2
23.500000,3.916972E+2
23.510000,3.916972E+2
23.520000,3.935800E+2
23.530000,3.941746E+2
23.540000,3.957602E+2
23.550000,3.908053E+2
23.560000,3.924900E+2
23.570000,3.934809E+2
23.580000,3.917963E+2
23.590000,3.915981E+2
23.600000,3.928864E+2
23.610000,3.921927E+2
23.620000,3.944719E+2
23.630000,3.921927E+2
23.640000,3.933818E+2
23.650000,3.896161E+2
23.660000,3.919945E+2
23.670000,3.916972E+2
23.680000,3.954629E+2
23.690000,3.921927E+2
23.700000,3.934809E+2
23.710000,3.911026E+2
23.720000,3.969494E+2
23.730000,3.902107E+2
23.740000,3.924900E+2
23.750000,3.924900E+2
23.760000,3.932827E+2
23.770000,3.933818E+2
23.780000,3.937782E+2
23.790000,3.947692E+2
23.800000,3.922918E+2
23.810000,3.896161E+2
23.820000,3.958593E+2
23.830000,3.923909E+2
23.840000,3.941746E+2
23.850000,3.928864E+2
23.860000,3.945710E+2
23.870000,3.927873E+2
23.880000,3.919945E+2
23.890000,3.942737E+2
23.900000,3.937782E+2
23.910000,3.936791E+2
23.920000,3.928864E+2
23.930000,3.922918E+2
23.940000,3.960575E+2
23.950000,3.914990E+2
23.960000,3.934809E+2
23.970000,3.931837E+2
23.980000,3.922918E+2
23.990000,3.928864E+2
24.000000,3.949674E+2
24.010000,3.909044E+2
24.020000,3.956611E+2
24.030000,3.908053E+2
24.040000,3.924900E+2
24.050000,3.901116E+2
24.060000,3.935800E+2
24.070000,3.901116E+2
24.080000,3.956611E+2
24.090000,3.919945E+2
24.100000,3.947692E+2
24.110000,3.912017E+2
24.120000,3.916972E+2
24.130000,3.913999E+2
24.140000,3.924900E+2
24.150000,3.920936E+2
24.160000,3.948683E+2
24.170000,3.904089E+2
24.180000,3.949674E+2
24.190000,3.936791E+2
24.200000,3.937782E+2
24.210000,3.940755E+2
24.220000,3.959584E+2
24.230000,3.932827E+2
24.240000,3.920936E+2
24.250000,3.916972E+2
24.260000,3.917963E+2
24.270000,3.922918E+2
24.280000,3.919945E+2
24.290000,3.939764E+2
24.300000,3.930846E+2
24.310000,3.928864E+2
24.320000,3.963548E+2
24.330000,3.924900E+2
24.340000,3.942737E+2
24.350000,3.916972E+2
24.360000,3.930846E+2
24.370000,3.906071E+2
24.380000,3.948683E+2
24.390000,3.914990E+2
24.400000,3.947692E+2
24.410000,3.933818E+2
24.420000,3.946701E+2
24.430000,3.925891E+2
24.440000,3.914990E+2
24.450000,3.900125E+2
24.460000,3.940755E+2
24.470000,3.900125E+2
24.480000,3.932827E+2
24.490000,3.900125E+2
24.500000,3.946701E+2
24.510000,3.938773E+2
24.520000,3.938773E+2
24.530000,3.925891E+2
24.540000,3.948683E+2
24.550000,3.925891E+2
24.560000,3.924900E+2
24.570000,3.907062E+2
24.580000,3.962557E+2
24.590000,3.932827E+2
24.600000,3.927873E+2
24.610000,3.914990E+2
24.620000,3.954629E+2
24.630000,3.913999E+2
24.640000,3.919945E+2
24.650000,3.905080E+2
24.660000,3.968503E+2
24.670000,3.926882E+2
24.680000,3.928864E+2
24.690000,3.908053E+2
24.700000,3.945710E+2
24.710000,3.915981E+2
24.720000,3.961566E+2
24.730000,3.909044E+2
24.740000,3.964539E+2
24.750000,3.907062E+2
24.760000,3.951656E+2
24.770000,3.913008E+2
24.780000,3.957602E+2
24.790000,3.928864E+2
24.800000,3.922918E+2
24.810000,3.931837E+2
24.820000,3.932827E+2
24.830000,3.916972E+2
24.840000,3.962557E+2
24.850000,3.905080E+2
24.860000,3.937782E+2
24.870000,3.925891E+2
24.880000,3.929855E+2
24.890000,3.937782E+2
24.900000,3.931837E+2
24.910000,3.943728E+2
24.920000,3.944719E+2
24.930000,3.915981E+2
24.940000,3.949674E+2
24.950000,3.932827E+2
24.960000,3.925891E+2
24.970000,3.939764E+2
24.980000,3.942737E+2
24.990000,3.946701E+2
25.000000,3.958593E+2
25.010000,3.921927E+2
25.020000,3.960575E+2
25.030000,3.900125E+2
25.040000,3.957602E+2
25.050000,3.900125E+2
25.060000,3.965530E+2
25.070000,3.908053E+2
25.080000,3.970485E+2
25.090000,3.937782E+2
25.100000,3.954629E+2
25.110000,3.919945E+2
25.120000,3.959584E+2
25.130000,3.943728E+2
25.140000,3.963548E+2
25.150000,3.951656E+2
25.160000,3.925891E+2
25.170000,3.900125E+2
25.180000,3.946701E+2
25.190000,3.927873E+2
25.200000,3.922918E+2
25.210000,3.950665E+2
25.220000,3.946701E+2
25.230000,3.905080E+2
25.240000,3.941746E+2
25.250000,3.913008E+2
25.260000,3.950665E+2
25.270000,3.908053E+2
25.280000,3.925891E+2
25.290000,3.919945E+2
25.300000,3.944719E+2
25.310000,3.921927E+2
25.320000,3.959584E+2
25.330000,3.896161E+2
25.340000,3.959584E+2
25.350000,3.927873E+2
25.360000,3.930846E+2
25.370000,3.940755E+2
25.380000,3.946701E+2
25.390000,3.906071E+2
25.400000,3.953638E+2
25.410000,3.909044E+2
25.420000,3.958593E+2
25.430000,3.899134E+2
25.440000,3.956611E+2
25.450000,3.910035E+2
25.460000,3.949674E+2
25.470000,3.927873E+2
25.480000,3.962557E+2
25.490000,3.949674E+2
25.500000,3.965530E+2
25.510000,3.922918E+2
25.520000,3.934809E+2
25.530000,3.934809E+2
25.540000,3.963548E+2
25.550000,3.906071E+2
25.560000,3.933818E+2
25.570000,3.911026E+2
25.580000,3.973458E+2
25.590000,3.926882E+2
25.600000,3.951656E+2
25.610000,3.947692E+2
25.620000,3.939764E+2
25.630000,3.903098E+2
25.640000,3.959584E+2
25.650000,3.899134E+2
25.660000,3.962557E+2
25.670000,3.938773E+2
25.680000,3.942737E+2
25.690000,3.916972E+2
25.700000,3.967512E+2
25.710000,3.900125E+2
25.720000,3.948683E+2
25.730000,3.902107E+2
25.740000,3.957602E+2
25.750000,3.940755E+2
25.760000,3.939764E+2
25.770000,3.932827E+2
25.780000,3.976431E+2
25.790000,3.915981E+2
25.800000,3.975440E+2
25.810000,3.903098E+2
25.820000,3.959584E+2
25.830000,3.913008E+2
25.840000,3.968503E+2
25.850000,3.939764E+2
25.860000,3.943728E+2
25.870000,3.932827E+2
25.880000,3.972467E+2
25.890000,3.897152E+2
25.900000,3.958593E+2
25.910000,3.931837E+2
25.920000,3.959584E+2
25.930000,3.901116E+2
25.940000,3.945710E+2
25.950000,3.932827E+2
25.960000,3.971476E+2
25.970000,3.939764E+2
25.980000,3.973458E+2
25.990000,3.904089E+2
26.000000,3.943728E+2
26.010000,3.905080E+2
26.020000,3.978413E+2
26.030000,3.948683E+2
26.040000,3.969494E+2
26.050000,3.910035E+2
26.060000,3.953638E+2
26.070000,3.914990E+2
26.080000,3.983368E+2
26.090000,3.924900E+2
26.100000,3.974449E+2
26.110000,3.903098E+2
26.120000,3.954629E+2
26.130000,3.912017E+2
26.140000,3.968503E+2
26.150000,3.953638E+2
26.160000,3.954629E+2
26.170000,3.937782E+2
26.180000,3.987332E+2
26.190000,3.929855E+2
26.200000,3.976431E+2
26.210000,3.923909E+2
26.220000,3.980395E+2
26.230000,3.913999E+2
26.240000,3.985350E+2
26.250000,3.932827E+2
26.260000,3.983368E+2
26.270000,3.919945E+2
26.280000,3.956611E+2
26.290000,3.913008E+2
26.300000,3.989314E+2
26.310000,3.939764E+2
26.320000,3.970485E+2
26.330000,3.929855E+2
26.340000,3.996251E+2
26.350000,3.907062E+2
26.360000,3.991296E+2
26.370000,3.901116E+2
26.380000,3.950665E+2
26.390000,3.914990E+2
26.400000,3.982377E+2
26.410000,3.928864E+2
26.420000,3.975440E+2
26.430000,3.919945E+2
26.440000,3.986341E+2
26.450000,3.930846E+2
26.460000,3.960575E+2
26.470000,3.920936E+2
26.480000,3.962557E+2
26.490000,3.936791E+2
26.500000,3.951656E+2
26.510000,3.900125E+2
26.520000,3.968503E+2
26.530000,3.923909E+2
26.540000,3.958593E+2
26.550000,3.907062E+2
26.560000,3.979404E+2
26.570000,3.909044E+2
26.580000,3.946701E+2
26.590000,3.921927E+2
26.600000,3.966521E+2
26.610000,3.920936E+2
26.620000,3.979404E+2
26.630000,3.925891E+2
26.640000,3.970485E+2
26.650000,3.912017E+2
26.660000,3.960575E+2
26.670000,3.924900E+2
26.680000,3.954629E+2
26.690000,3.949674E+2
26.700000,3.959584E+2
26.710000,3.918954E+2
26.720000,3.988323E+2
26.730000,3.921927E+2
26.740000,3.963548E+2
26.750000,3.943728E+2
26.760000,3.950665E+2
26.770000,3.923909E+2
26.780000,3.962557E+2
26.790000,3.930846E+2
26.800000,3.971476E+2
26.810000,3.923909E+2
26.820000,3.953638E+2
26.830000,3.923909E+2
26.840000,3.948683E+2
26.850000,3.908053E+2
26.860000,3.976431E+2
26.870000,3.916972E+2
26.880000,3.944719E+2
26.890000,3.935800E+2
26.900000,3.992287E+2
26.910000,3.926882E+2
26.920000,3.948683E+2
26.930000,3.946701E+2
26.940000,3.947692E+2
26.950000,3.912017E+2
26.960000,3.940755E+2
26.970000,3.913999E+2
26.980000,3.972467E+2
26.990000,3.912017E+2
27.000000,3.969494E+2
27.010000,3.906071E+2
27.020000,3.964539E+2
27.030000,3.930846E+2
27.040000,3.953638E+2
27.050000,3.893188E+2
27.060000,3.949674E+2
27.070000,3.934809E+2
27.080000,3.990305E+2
27.090000,3.908053E+2
27.100000,3.958593E+2
27.110000,3.916972E+2
27.120000,3.956611E+2
27.130000,3.928864E+2
27.140000,3.985350E+2
27.150000,3.939764E+2
27.160000,3.977422E+2
27.170000,3.916972E+2
27.180000,3.976431E+2
27.190000,3.906071E+2
27.200000,3.976431E+2
27.210000,3.902107E+2
27.220000,3.979404E+2
27.230000,3.920936E+2
27.240000,3.989314E+2
27.250000,3.905080E+2
27.260000,3.971476E+2
27.270000,3.904089E+2
27.280000,3.994269E+2
27.290000,3.902107E+2
27.300000,4.010125E+2
27.310000,3.932827E+2
27.320000,4.001206E+2
27.330000,3.935800E+2
27.340000,3.965530E+2
27.350000,3.921927E+2
27.360000,3.959584E+2
27.370000,3.905080E+2
27.380000,3.968503E+2
27.390000,3.901116E+2
27.400000,3.980395E+2
27.410000,3.922918E+2
27.420000,4.004179E+2
27.430000,3.943728E+2
27.440000,4.002197E+2
27.450000,3.915981E+2
27.460000,3.990305E+2
27.470000,3.902107E+2
27.480000,3.994269E+2
27.490000,3.940755E+2
27.500000,3.969494E+2
27.510000,3.929855E+2
27.520000,3.996251E+2
27.530000,3.927873E+2
27.540000,3.994269E+2
27.550000,3.923909E+2
27.560000,3.995260E+2
27.570000,3.913999E+2
27.580000,3.975440E+2
27.590000,3.910035E+2
27.600000,3.997242E+2
27.610000,3.930846E+2
27.620000,3.997242E+2
27.630000,3.932827E+2
27.640000,4.007152E+2
27.650000,3.907062E+2
27.660000,3.988323E+2
27.670000,3.926882E+2
27.680000,3.976431E+2
27.690000,3.911026E+2
27.700000,3.986341E+2
27.710000,3.920936E+2
27.720000,3.971476E+2
27.730000,3.922918E+2
27.740000,3.970485E+2
27.750000,3.928864E+2
27.760000,3.979404E+2
27.770000,3.926882E+2
27.780000,3.997242E+2
27.790000,3.936791E+2
27.800000,3.995260E+2
27.810000,3.924900E+2
27.820000,3.975440E+2
27.830000,3.897152E+2
27.840000,3.970485E+2
27.850000,3.924900E+2
27.860000,3.972467E+2
27.870000,3.922918E+2
27.880000,3.989314E+2
27.890000,3.913008E+2
27.900000,4.013098E+2
27.910000,3.903098E+2
27.920000,3.993278E+2
27.930000,3.915981E+2
27.940000,3.990305E+2
27.950000,3.921927E+2
27.960000,3.998233E+2
27.970000,3.924900E+2
27.980000,3.973458E+2
27.990000,3.925891E+2
28.000000,3.992287E+2
28.010000,3.920936E+2
28.020000,3.984359E+2
28.030000,3.928864E+2
28.040000,4.019044E+2
28.050000,3.954629E+2
28.060000,4.021026E+2
28.070000,3.928864E+2
28.080000,3.992287E+2
28.090000,3.926882E+2
28.100000,3.993278E+2
28.110000,3.922918E+2
28.120000,3.995260E+2
28.130000,3.957602E+2
28.140000,3.980395E+2
28.150000,3.924900E+2
28.160000,4.029944E+2
28.170000,3.924900E+2
28.180000,4.022017E+2
28.190000,3.917963E+2
28.200000,4.003188E+2
28.210000,3.940755E+2
28.220000,3.982377E+2
28.230000,3.949674E+2
28.240000,4.017062E+2
28.250000,3.934809E+2
28.260000,4.010125E+2
28.270000,3.925891E+2
28.280000,4.016071E+2
28.290000,3.946701E+2
28.300000,4.025981E+2
28.310000,3.944719E+2
28.320000,3.997242E+2
28.330000,3.935800E+2
28.340000,3.980395E+2
28.350000,3.922918E+2
28.360000,4.021026E+2
28.370000,3.928864E+2
28.380000,4.000215E+2
28.390000,3.952647E+2
28.400000,4.005170E+2
28.410000,3.947692E+2
28.420000,3.982377E+2
28.430000,3.945710E+2
28.440000,4.028954E+2
28.450000,3.924900E+2
28.460000,4.001206E+2
28.470000,3.941746E+2
28.480000,3.986341E+2
28.490000,3.964539E+2
28.500000,4.003188E+2
28.510000,3.933818E+2
28.520000,4.011116E+2
28.530000,3.940755E+2
28.540000,4.012107E+2
28.550000,3.909044E+2
28.560000,4.030935E+2
28.570000,3.977422E+2
28.580000,4.008143E+2
28.590000,3.943728E+2
28.600000,4.020035E+2
28.610000,3.904089E+2
28.620000,3.988323E+2
28.630000,3.914990E+2
28.640000,4.007152E+2
28.650000,3.969494E+2
28.660000,4.003188E+2
28.670000,3.940755E+2
28.680000,3.990305E+2
28.690000,3.986341E+2
28.700000,3.975440E+2
28.710000,3.963548E+2
28.720000,4.015080E+2
28.730000,3.979404E+2
28.740000,3.978413E+2
28.750000,3.937782E+2
28.760000,3.984359E+2
28.770000,3.946701E+2
28.780000,4.013098E+2
28.790000,3.943728E+2
28.800000,3.994269E+2
28.810000,3.935800E+2
28.820000,4.004179E+2
28.830000,3.953638E+2
28.840000,3.997242E+2
28.850000,3.972467E+2
28.860000,4.011116E+2
28.870000,3.962557E+2
28.880000,3.986341E+2
28.890000,3.921927E+2
28.900000,3.984359E+2
28.910000,3.940755E+2
28.920000,4.023008E+2
28.930000,3.964539E+2
28.940000,4.014089E+2
28.950000,3.963548E+2
28.960000,4.006161E+2
28.970000,3.944719E+2
28.980000,4.034899E+2
28.990000,3.970485E+2
29.000000,4.026972E+2
29.010000,3.946701E+2
29.020000,3.987332E+2
29.030000,3.951656E+2
29.040000,4.014089E+2
29.050000,3.945710E+2
29.060000,4.019044E+2
29.070000,3.934809E+2
29.080000,3.998233E+2
29.090000,3.934809E+2
29.100000,4.009134E+2
29.110000,3.949674E+2
29.120000,3.998233E+2
29.130000,3.944719E+2
29.140000,4.016071E+2
29.150000,3.959584E+2
29.160000,3.999224E+2
29.170000,3.949674E+2
29.180000,4.017062E+2
29.190000,3.961566E+2
29.200000,3.996251E+2
29.210000,3.953638E+2
29.220000,3.989314E+2
29.230000,3.927873E+2
29.240000,4.002197E+2
29.250000,3.928864E+2
29.260000,4.004179E+2
29.270000,3.975440E+2
29.280000,3.991296E+2
29.290000,3.961566E+2
29.300000,4.037872E+2
29.310000,3.989314E+2
29.320000,4.042827E+2
29.330000,3.975440E+2
29.340000,4.033908E+2
29.350000,3.943728E+2
29.360000,4.013098E+2
29.370000,3.930846E+2
29.380000,4.056701E+2
29.390000,3.930846E+2
29.400000,4.023999E+2
29.410000,3.944719E+2
29.420000,4.023999E+2
29.430000,3.948683E+2
29.440000,4.023008E+2
29.450000,3.940755E+2
29.460000,4.056701E+2
29.470000,3.987332E+2
29.480000,4.029944E+2
29.490000,3.951656E+2
29.500000,4.029944E+2
29.510000,3.957602E+2
29.520000,4.045800E+2
29.530000,3.952647E+2
29.540000,4.043818E+2
29.550000,3.966521E+2
29.560000,4.022017E+2
29.570000,3.965530E+2
29.580000,4.054719E+2
29.590000,3.920936E+2
29.600000,4.034899E+2
29.610000,3.981386E+2
29.620000,4.027963E+2
29.630000,3.960575E+2
29.640000,4.027963E+2
29.650000,3.967512E+2
29.660000,4.036881E+2
29.670000,3.925891E+2
29.680000,4.012107E+2
29.690000,3.967512E+2
29.700000,4.013098E+2
29.710000,3.952647E+2
29.720000,4.039854E+2
29.730000,3.978413E+2
29.740000,4.005170E+2
29.750000,3.957602E+2
29.760000,4.030935E+2
29.770000,3.952647E+2
29.780000,4.008143E+2
29.790000,3.967512E+2
29.800000,4.040845E+2
29.810000,3.937782E+2
29.820000,4.045800E+2
29.830000,3.965530E+2
29.840000,4.037872E+2
29.850000,3.965530E+2
29.860000,4.033908E+2
29.870000,3.970485E+2
29.880000,4.050755E+2
29.890000,3.935800E+2
29.900000,4.010125E+2
29.910000,3.967512E+2
29.920000,4.020035E+2
29.930000,3.992287E+2
29.940000,4.062647E+2
29.950000,3.971476E+2
29.960000,4.006161E+2
29.970000,3.972467E+2
29.980000,4.029944E+2
29.990000,3.966521E+2
30.000000,4.020035E+2

